{"stat.chestOpened":50,"stat.mineBlock.botania.specialflower":2,"stat.pickup.minecraft.bone":2,"stat.pickup.minecraft.wooden_slab":7,"stat.useItem.minecraft.stone":218,"stat.pickup.minecraft.arrow":4,"stat.mineBlock.minecraft.cobblestone":11,"stat.craftItem.botania.petal":26,"stat.craftItem.botania.altar":1,"stat.useItem.minecraft.apple":7,"stat.craftItem.minecraft.coal":47,"stat.useItem.minecraft.rotten_flesh":3,"stat.mineBlock.botania.root":10,"stat.pickup.botania.manatablet":1,"stat.swimOneCm":5430,"stat.jump":166,"stat.pickup.minecraft.coal":215,"stat.fallOneCm":8395,"stat.drop.minecraft.stone_sword":1,"stat.pickup.minecraft.gunpowder":6,"stat.crouchOneCm":97951,"stat.craftItem.minecraft.chest":2,"stat.craftItem.minecraft.torch":8,"stat.craftItem.minecraft.iron_ingot":28,"stat.pickup.minecraft.dirt":44,"stat.useItem.minecraft.dirt":40,"stat.useItem.minecraft.stone_slab2":40,"stat.mineBlock.botania.livingrock":13,"stat.craftingTableInteraction":31,"stat.pickup.minecraft.iron_ore":54,"stat.pickup.minecraft.rotten_flesh":12,"stat.craftItem.minecraft.furnace":3,"stat.useItem.botania.fertilizer":13,"stat.useItem.minecraft.sapling":19,"stat.pickup.minecraft.gold_ore":7,"stat.mineBlock.minecraft.lapis_ore":4,"stat.damageTaken":1490,"stat.drop.minecraft.ender_pearl":2,"stat.useItem.minecraft.furnace":1,"stat.killEntity.Enderman":1,"stat.pickup.minecraft.cobblestone":13,"stat.mineBlock.minecraft.sapling":1,"stat.mineBlock.minecraft.wooden_slab":11,"stat.pickup.minecraft.dye":25,"stat.craftItem.minecraft.stone_sword":2,"stat.flyOneCm":9864,"stat.craftItem.botania.manatablet":1,"stat.killEntity.Witch":1,"stat.entityKilledBy.Zombie":1,"stat.drop.minecraft.wheat_seeds":3,"stat.useItem.minecraft.stone_pickaxe":131,"stat.craftItem.minecraft.wooden_slab":60,"stat.useItem.minecraft.stone_sword":60,"stat.damageDealt":3710,"stat.pickup.minecraft.redstone":50,"stat.mineBlock.minecraft.iron_ore":54,"stat.craftItem.minecraft.bowl":4,"stat.timeSinceDeath":7959,"stat.craftItem.minecraft.sapling":1,"stat.mineBlock.minecraft.dirt":44,"stat.useItem.minecraft.iron_pickaxe":117,"stat.drop.minecraft.diamond":1,"stat.useItem.minecraft.wooden_slab":65,"stat.drop.botania.petal":12,"stat.pickup.botania.specialflower":6,"stat.craftItem.minecraft.stone_slab":96,"stat.mineBlock.botania.livingwood":16,"stat.walkOneCm":277368,"stat.drop.minecraft.coal":145,"stat.useItem.minecraft.torch":7,"stat.useItem.minecraft.chest":1,"stat.useItem.minecraft.log":21,"stat.useItem.minecraft.cobblestone":428,"stat.craftItem.minecraft.crafting_table":1,"stat.furnaceInteraction":49,"stat.mineBlock.botania.flower":56,"stat.drop.questbook.itemquestbook":2,"stat.mineBlock.minecraft.coal_ore":132,"stat.pickup.questbook.itemquestbook":5,"stat.killEntity.Creeper":1,"stat.mineBlock.minecraft.emerald_ore":1,"stat.pickup.botania.manaresource":2898,"stat.pickup.minecraft.log":139,"stat.useItem.botania.specialflower":1,"stat.pickup.botania.livingwood":16,"stat.entityKilledBy.Skeleton":2,"stat.craftItem.minecraft.stone_slab2":0,"stat.drop.botania.manatablet":1,"stat.craftItem.botania.manaresource":3,"stat.pickup.minecraft.sapling":70,"stat.pickup.minecraft.ender_pearl":2,"stat.sprintOneCm":20279,"stat.entityKilledBy.Enderman":1,"stat.mineBlock.minecraft.stone_slab":8,"stat.pickup.minecraft.apple":7,"stat.craftItem.botania.fertilizer":15,"stat.craftItem.minecraft.stick":8,"stat.useItem.minecraft.stone_slab":80,"stat.craftItem.botania.pool":1,"stat.craftItem.minecraft.planks":108,"stat.pickup.minecraft.potion":1,"stat.craftItem.minecraft.stone":229,"stat.mineBlock.minecraft.diamond_ore":4,"stat.pickup.minecraft.stone_sword":2,"stat.craftItem.botania.runealtar":1,"stat.mobKills":11,"stat.useItem.botania.twigwand":337,"stat.pickup.minecraft.emerald":1,"stat.mineBlock.minecraft.log":139,"stat.pickup.botania.flower":56,"stat.deaths":5,"stat.craftItem.botania.spreader":1,"stat.drop":70,"stat.pickup.minecraft.diamond":4,"stat.mineBlock.minecraft.leaves":1059,"stat.playOneMinute":140209,"stat.drop.botania.twigwand":1,"stat.mineBlock.minecraft.redstone_ore":11,"stat.sneakTime":39396,"stat.craftItem.minecraft.iron_pickaxe":1,"stat.drop.botania.manaresource":3,"stat.craftItem.botania.twigwand":1,"stat.killEntity.Zombie":8,"stat.pickup.minecraft.stone_slab":14,"stat.craftItem.minecraft.cobblestone":666,"stat.mineBlock.minecraft.gold_ore":7,"stat.mineBlock.minecraft.stone":3,"stat.diveOneCm":36492,"stat.pickup.botania.livingrock":13}