{
  "questProgress:9": {
    "0:10": {
      "questID:3": 0,
      "completed:9": {
        "0:10": {
          "claimed:1": 1,
          "uuid:8": "c8945350-839f-4c6d-8b0e-e99df549f3bc",
          "timestamp:4": 4588
        }
      },
      "tasks:9": {
        "0:10": {
          "completeUsers:9": {
            "0:8": "c8945350-839f-4c6d-8b0e-e99df549f3bc"
          },
          "userProgress:9": {
            "0:10": {
              "data:9": {
                "0:3": 64
              },
              "uuid:8": "c8945350-839f-4c6d-8b0e-e99df549f3bc"
            }
          },
          "index:3": 1,
          "taskID:8": "bq_standard:retrieval"
        }
      }
    },
    "1:10": {
      "questID:3": 1,
      "completed:9": {
        "0:10": {
          "claimed:1": 1,
          "uuid:8": "c8945350-839f-4c6d-8b0e-e99df549f3bc",
          "timestamp:4": 28056
        }
      },
      "tasks:9": {
        "0:10": {
          "completeUsers:9": {
            "0:8": "c8945350-839f-4c6d-8b0e-e99df549f3bc"
          },
          "userProgress:9": {
            "0:10": {
              "data:9": {
                "0:3": 3
              },
              "uuid:8": "c8945350-839f-4c6d-8b0e-e99df549f3bc"
            }
          },
          "index:3": 0,
          "taskID:8": "bq_standard:block_break"
        },
        "1:10": {
          "completeUsers:9": {
            "0:8": "c8945350-839f-4c6d-8b0e-e99df549f3bc"
          },
          "userProgress:9": {
            "0:10": {
              "data:9": {
                "0:3": 1,
                "1:3": 4
              },
              "uuid:8": "c8945350-839f-4c6d-8b0e-e99df549f3bc"
            }
          },
          "index:3": 1,
          "taskID:8": "bq_standard:retrieval"
        }
      }
    },
    "2:10": {
      "questID:3": 2,
      "completed:9": {
        "0:10": {
          "claimed:1": 1,
          "uuid:8": "c8945350-839f-4c6d-8b0e-e99df549f3bc",
          "timestamp:4": 28930
        }
      },
      "tasks:9": {
        "0:10": {
          "completeUsers:9": {
            "0:8": "c8945350-839f-4c6d-8b0e-e99df549f3bc"
          },
          "userProgress:9": {
            "0:10": {
              "data:9": {
                "0:3": 1,
                "1:3": 4
              },
              "uuid:8": "c8945350-839f-4c6d-8b0e-e99df549f3bc"
            }
          },
          "index:3": 0,
          "taskID:8": "bq_standard:retrieval"
        }
      }
    },
    "3:10": {
      "questID:3": 3,
      "completed:9": {
        "0:10": {
          "claimed:1": 1,
          "uuid:8": "c8945350-839f-4c6d-8b0e-e99df549f3bc",
          "timestamp:4": 82389
        }
      },
      "tasks:9": {
        "0:10": {
          "completeUsers:9": {
            "0:8": "c8945350-839f-4c6d-8b0e-e99df549f3bc"
          },
          "userProgress:9": {
            "0:10": {
              "data:9": {
                "0:3": 1,
                "1:3": 1
              },
              "uuid:8": "c8945350-839f-4c6d-8b0e-e99df549f3bc"
            }
          },
          "index:3": 0,
          "taskID:8": "bq_standard:retrieval"
        },
        "1:10": {
          "completeUsers:9": {
            "0:8": "c8945350-839f-4c6d-8b0e-e99df549f3bc"
          },
          "userProgress:9": {},
          "index:3": 1,
          "taskID:8": "bq_standard:retrieval"
        }
      }
    },
    "4:10": {
      "questID:3": 4,
      "completed:9": {
        "0:10": {
          "claimed:1": 1,
          "uuid:8": "c8945350-839f-4c6d-8b0e-e99df549f3bc",
          "timestamp:4": 73361
        }
      },
      "tasks:9": {
        "0:10": {
          "completeUsers:9": {
            "0:8": "c8945350-839f-4c6d-8b0e-e99df549f3bc"
          },
          "userProgress:9": {
            "0:10": {
              "data:9": {
                "0:3": 1,
                "1:3": 1,
                "2:3": 1,
                "3:3": 1,
                "4:3": 1,
                "5:3": 1,
                "6:3": 1,
                "7:3": 1,
                "8:3": 1,
                "9:3": 1,
                "10:3": 1,
                "11:3": 1,
                "12:3": 1,
                "13:3": 1,
                "14:3": 1,
                "15:3": 1
              },
              "uuid:8": "c8945350-839f-4c6d-8b0e-e99df549f3bc"
            }
          },
          "index:3": 0,
          "taskID:8": "bq_standard:retrieval"
        }
      }
    },
    "5:10": {
      "questID:3": 5,
      "completed:9": {},
      "tasks:9": {
        "0:10": {
          "completeUsers:9": {},
          "userProgress:9": {
            "0:10": {
              "data:9": {
                "0:3": 1,
                "1:3": 0,
                "2:3": 10,
                "3:3": 25
              },
              "uuid:8": "c8945350-839f-4c6d-8b0e-e99df549f3bc"
            }
          },
          "index:3": 0,
          "taskID:8": "bq_standard:retrieval"
        },
        "1:10": {
          "completeUsers:9": {},
          "userProgress:9": {
            "0:10": {
              "data:9": {
                "0:3": 132,
                "1:3": 4,
                "2:3": 4,
                "3:3": 1
              },
              "uuid:8": "c8945350-839f-4c6d-8b0e-e99df549f3bc"
            }
          },
          "index:3": 1,
          "taskID:8": "bq_standard:block_break"
        }
      }
    },
    "6:10": {
      "questID:3": 19,
      "completed:9": {
        "0:10": {
          "claimed:1": 1,
          "uuid:8": "c8945350-839f-4c6d-8b0e-e99df549f3bc",
          "timestamp:4": 107154
        }
      },
      "tasks:9": {
        "0:10": {
          "completeUsers:9": {
            "0:8": "c8945350-839f-4c6d-8b0e-e99df549f3bc"
          },
          "userProgress:9": {
            "0:10": {
              "data:9": {
                "0:3": 1
              },
              "uuid:8": "c8945350-839f-4c6d-8b0e-e99df549f3bc"
            }
          },
          "index:3": 0,
          "taskID:8": "bq_standard:retrieval"
        }
      }
    },
    "7:10": {
      "questID:3": 20,
      "completed:9": {},
      "tasks:9": {
        "0:10": {
          "completeUsers:9": {},
          "userProgress:9": {},
          "index:3": 1,
          "taskID:8": "bq_standard:retrieval"
        }
      }
    },
    "8:10": {
      "questID:3": 21,
      "completed:9": {},
      "tasks:9": {
        "0:10": {
          "completeUsers:9": {},
          "userProgress:9": {},
          "index:3": 0,
          "taskID:8": "bq_standard:retrieval"
        }
      }
    },
    "9:10": {
      "questID:3": 22,
      "completed:9": {},
      "tasks:9": {
        "0:10": {
          "completeUsers:9": {},
          "userProgress:9": {},
          "index:3": 0,
          "taskID:8": "bq_standard:retrieval"
        }
      }
    },
    "10:10": {
      "questID:3": 23,
      "completed:9": {},
      "tasks:9": {
        "0:10": {
          "completeUsers:9": {},
          "userProgress:9": {},
          "index:3": 0,
          "taskID:8": "bq_standard:retrieval"
        }
      }
    },
    "11:10": {
      "questID:3": 24,
      "completed:9": {},
      "tasks:9": {
        "0:10": {
          "completeUsers:9": {},
          "userProgress:9": {},
          "index:3": 0,
          "taskID:8": "bq_standard:retrieval"
        }
      }
    },
    "12:10": {
      "questID:3": 25,
      "completed:9": {},
      "tasks:9": {
        "0:10": {
          "completeUsers:9": {},
          "userProgress:9": {},
          "index:3": 0,
          "taskID:8": "bq_standard:retrieval"
        }
      }
    },
    "13:10": {
      "questID:3": 26,
      "completed:9": {},
      "tasks:9": {
        "0:10": {
          "completeUsers:9": {},
          "userProgress:9": {
            "0:10": {
              "data:9": {
                "0:3": 0
              },
              "uuid:8": "c8945350-839f-4c6d-8b0e-e99df549f3bc"
            }
          },
          "index:3": 0,
          "taskID:8": "bq_standard:retrieval"
        }
      }
    },
    "14:10": {
      "questID:3": 27,
      "completed:9": {},
      "tasks:9": {
        "0:10": {
          "completeUsers:9": {},
          "userProgress:9": {},
          "index:3": 0,
          "taskID:8": "bq_standard:retrieval"
        }
      }
    },
    "15:10": {
      "questID:3": 28,
      "completed:9": {},
      "tasks:9": {
        "0:10": {
          "completeUsers:9": {},
          "userProgress:9": {},
          "index:3": 0,
          "taskID:8": "bq_standard:retrieval"
        },
        "1:10": {
          "completeUsers:9": {},
          "userProgress:9": {},
          "index:3": 1,
          "taskID:8": "bq_standard:hunt"
        }
      }
    },
    "16:10": {
      "questID:3": 29,
      "completed:9": {},
      "tasks:9": {
        "0:10": {
          "completeUsers:9": {},
          "userProgress:9": {},
          "index:3": 0,
          "taskID:8": "bq_standard:hunt"
        },
        "1:10": {
          "completeUsers:9": {},
          "userProgress:9": {},
          "index:3": 1,
          "taskID:8": "bq_standard:retrieval"
        }
      }
    },
    "17:10": {
      "questID:3": 30,
      "completed:9": {},
      "tasks:9": {
        "0:10": {
          "completeUsers:9": {},
          "userProgress:9": {},
          "index:3": 0,
          "taskID:8": "bq_standard:hunt"
        },
        "1:10": {
          "completeUsers:9": {},
          "userProgress:9": {},
          "index:3": 1,
          "taskID:8": "bq_standard:retrieval"
        }
      }
    },
    "18:10": {
      "questID:3": 31,
      "completed:9": {},
      "tasks:9": {
        "0:10": {
          "completeUsers:9": {},
          "userProgress:9": {
            "0:10": {
              "data:9": {
                "0:3": 0
              },
              "uuid:8": "c8945350-839f-4c6d-8b0e-e99df549f3bc"
            }
          },
          "index:3": 0,
          "taskID:8": "bq_standard:retrieval"
        },
        "1:10": {
          "completeUsers:9": {},
          "userProgress:9": {},
          "index:3": 1,
          "taskID:8": "bq_standard:hunt"
        },
        "2:10": {
          "completeUsers:9": {},
          "userProgress:9": {},
          "index:3": 2,
          "taskID:8": "bq_standard:hunt"
        },
        "3:10": {
          "completeUsers:9": {},
          "userProgress:9": {},
          "index:3": 3,
          "taskID:8": "bq_standard:hunt"
        },
        "4:10": {
          "completeUsers:9": {},
          "userProgress:9": {},
          "index:3": 4,
          "taskID:8": "bq_standard:hunt"
        },
        "5:10": {
          "completeUsers:9": {},
          "userProgress:9": {},
          "index:3": 5,
          "taskID:8": "bq_standard:hunt"
        }
      }
    },
    "19:10": {
      "questID:3": 32,
      "completed:9": {},
      "tasks:9": {
        "0:10": {
          "completeUsers:9": {},
          "userProgress:9": {
            "0:10": {
              "data:9": {
                "0:3": 0,
                "1:3": 0,
                "2:3": 0,
                "3:3": 0,
                "4:3": 0,
                "5:3": 0,
                "6:3": 0,
                "7:3": 0,
                "8:3": 0,
                "9:3": 0,
                "10:3": 0,
                "11:3": 0,
                "12:3": 0,
                "13:3": 0,
                "14:3": 0,
                "15:3": 0,
                "16:3": 0
              },
              "uuid:8": "c8945350-839f-4c6d-8b0e-e99df549f3bc"
            }
          },
          "index:3": 0,
          "taskID:8": "bq_standard:retrieval"
        }
      }
    },
    "20:10": {
      "questID:3": 33,
      "completed:9": {},
      "tasks:9": {
        "0:10": {
          "completeUsers:9": {},
          "userProgress:9": {
            "0:10": {
              "data:9": {
                "0:3": 0,
                "1:3": 0,
                "2:3": 0,
                "3:3": 0,
                "4:3": 0,
                "5:3": 0,
                "6:3": 0,
                "7:3": 0,
                "8:3": 0
              },
              "uuid:8": "c8945350-839f-4c6d-8b0e-e99df549f3bc"
            }
          },
          "index:3": 0,
          "taskID:8": "bq_standard:retrieval"
        }
      }
    },
    "21:10": {
      "questID:3": 34,
      "completed:9": {},
      "tasks:9": {
        "0:10": {
          "completeUsers:9": {},
          "userProgress:9": {
            "0:10": {
              "data:9": {
                "0:3": 1,
                "1:3": 0,
                "2:3": 1,
                "3:3": 0,
                "4:3": 0,
                "5:3": 0,
                "6:3": 0,
                "7:3": 0,
                "8:3": 0,
                "9:3": 0,
                "10:3": 0,
                "11:3": 0,
                "12:3": 0,
                "13:3": 0,
                "14:3": 0
              },
              "uuid:8": "c8945350-839f-4c6d-8b0e-e99df549f3bc"
            }
          },
          "index:3": 0,
          "taskID:8": "bq_standard:retrieval"
        }
      }
    },
    "22:10": {
      "questID:3": 35,
      "completed:9": {},
      "tasks:9": {
        "0:10": {
          "completeUsers:9": {},
          "userProgress:9": {
            "0:10": {
              "data:9": {
                "0:3": 0,
                "1:3": 0,
                "2:3": 0,
                "3:3": 0,
                "4:3": 0,
                "5:3": 1,
                "6:3": 0,
                "7:3": 0,
                "8:3": 0,
                "9:3": 0,
                "10:3": 0,
                "11:3": 0,
                "12:3": 0,
                "13:3": 0,
                "14:3": 0,
                "15:3": 0,
                "16:3": 0,
                "17:3": 0,
                "18:3": 0,
                "19:3": 0,
                "20:3": 0,
                "21:3": 0,
                "22:3": 0,
                "23:3": 0,
                "24:3": 0
              },
              "uuid:8": "c8945350-839f-4c6d-8b0e-e99df549f3bc"
            }
          },
          "index:3": 0,
          "taskID:8": "bq_standard:retrieval"
        }
      }
    },
    "23:10": {
      "questID:3": 36,
      "completed:9": {},
      "tasks:9": {
        "0:10": {
          "completeUsers:9": {},
          "userProgress:9": {
            "0:10": {
              "data:9": {
                "0:3": 0,
                "1:3": 0,
                "2:3": 0,
                "3:3": 0,
                "4:3": 0,
                "5:3": 0,
                "6:3": 0,
                "7:3": 0,
                "8:3": 0,
                "9:3": 0,
                "10:3": 0,
                "11:3": 0,
                "12:3": 0,
                "13:3": 0,
                "14:3": 0,
                "15:3": 0,
                "16:3": 0,
                "17:3": 0,
                "18:3": 0
              },
              "uuid:8": "c8945350-839f-4c6d-8b0e-e99df549f3bc"
            }
          },
          "index:3": 0,
          "taskID:8": "bq_standard:retrieval"
        }
      }
    },
    "24:10": {
      "questID:3": 37,
      "completed:9": {},
      "tasks:9": {
        "0:10": {
          "completeUsers:9": {},
          "userProgress:9": {
            "0:10": {
              "data:9": {
                "0:3": 0,
                "1:3": 0,
                "2:3": 0,
                "3:3": 0,
                "4:3": 0,
                "5:3": 0,
                "6:3": 0,
                "7:3": 0,
                "8:3": 0,
                "9:3": 0,
                "10:3": 0,
                "11:3": 0,
                "12:3": 0
              },
              "uuid:8": "c8945350-839f-4c6d-8b0e-e99df549f3bc"
            }
          },
          "index:3": 0,
          "taskID:8": "bq_standard:retrieval"
        }
      }
    },
    "25:10": {
      "questID:3": 38,
      "completed:9": {},
      "tasks:9": {
        "0:10": {
          "completeUsers:9": {},
          "userProgress:9": {
            "0:10": {
              "data:9": {
                "0:3": 0
              },
              "uuid:8": "c8945350-839f-4c6d-8b0e-e99df549f3bc"
            }
          },
          "index:3": 0,
          "taskID:8": "bq_standard:retrieval"
        }
      }
    },
    "26:10": {
      "questID:3": 39,
      "completed:9": {},
      "tasks:9": {
        "0:10": {
          "completeUsers:9": {},
          "userProgress:9": {
            "0:10": {
              "data:9": {
                "0:3": 0,
                "1:3": 0,
                "2:3": 0,
                "3:3": 0,
                "4:3": 0,
                "5:3": 0,
                "6:3": 0,
                "7:3": 0,
                "8:3": 0,
                "9:3": 0,
                "10:3": 0,
                "11:3": 0,
                "12:3": 0,
                "13:3": 0,
                "14:3": 0,
                "15:3": 0,
                "16:3": 0,
                "17:3": 0,
                "18:3": 0,
                "19:3": 0,
                "20:3": 0,
                "21:3": 0,
                "22:3": 0,
                "23:3": 0
              },
              "uuid:8": "c8945350-839f-4c6d-8b0e-e99df549f3bc"
            }
          },
          "index:3": 0,
          "taskID:8": "bq_standard:retrieval"
        }
      }
    },
    "27:10": {
      "questID:3": 40,
      "completed:9": {},
      "tasks:9": {
        "0:10": {
          "completeUsers:9": {},
          "userProgress:9": {
            "0:10": {
              "data:9": {
                "0:3": 0,
                "1:3": 0,
                "2:3": 0,
                "3:3": 0,
                "4:3": 0,
                "5:3": 0,
                "6:3": 0,
                "7:3": 0,
                "8:3": 0,
                "9:3": 0,
                "10:3": 0,
                "11:3": 0,
                "12:3": 0,
                "13:3": 0,
                "14:3": 0,
                "15:3": 0
              },
              "uuid:8": "c8945350-839f-4c6d-8b0e-e99df549f3bc"
            }
          },
          "index:3": 0,
          "taskID:8": "bq_standard:retrieval"
        }
      }
    },
    "28:10": {
      "questID:3": 41,
      "completed:9": {},
      "tasks:9": {
        "0:10": {
          "completeUsers:9": {},
          "userProgress:9": {
            "0:10": {
              "data:9": {
                "0:3": 0,
                "1:3": 0,
                "2:3": 0,
                "3:3": 0,
                "4:3": 0,
                "5:3": 0,
                "6:3": 0,
                "7:3": 0,
                "8:3": 0,
                "9:3": 0,
                "10:3": 0,
                "11:3": 0,
                "12:3": 0,
                "13:3": 0,
                "14:3": 0,
                "15:3": 0,
                "16:3": 0,
                "17:3": 0,
                "18:3": 0,
                "19:3": 0,
                "20:3": 0,
                "21:3": 0,
                "22:3": 0,
                "23:3": 0,
                "24:3": 0,
                "25:3": 0
              },
              "uuid:8": "c8945350-839f-4c6d-8b0e-e99df549f3bc"
            }
          },
          "index:3": 0,
          "taskID:8": "bq_standard:retrieval"
        }
      }
    },
    "29:10": {
      "questID:3": 42,
      "completed:9": {},
      "tasks:9": {
        "0:10": {
          "completeUsers:9": {},
          "userProgress:9": {
            "0:10": {
              "data:9": {
                "0:3": 0,
                "1:3": 0,
                "2:3": 0,
                "3:3": 0,
                "4:3": 0,
                "5:3": 0,
                "6:3": 0,
                "7:3": 0,
                "8:3": 0,
                "9:3": 0,
                "10:3": 0,
                "11:3": 0,
                "12:3": 0,
                "13:3": 0
              },
              "uuid:8": "c8945350-839f-4c6d-8b0e-e99df549f3bc"
            }
          },
          "index:3": 0,
          "taskID:8": "bq_standard:retrieval"
        }
      }
    },
    "30:10": {
      "questID:3": 43,
      "completed:9": {},
      "tasks:9": {
        "0:10": {
          "completeUsers:9": {},
          "userProgress:9": {},
          "index:3": 0,
          "taskID:8": "bq_standard:retrieval"
        }
      }
    },
    "31:10": {
      "questID:3": 44,
      "completed:9": {},
      "tasks:9": {
        "0:10": {
          "completeUsers:9": {},
          "userProgress:9": {
            "0:10": {
              "data:9": {
                "0:3": 0,
                "1:3": 0
              },
              "uuid:8": "c8945350-839f-4c6d-8b0e-e99df549f3bc"
            }
          },
          "index:3": 0,
          "taskID:8": "bq_standard:retrieval"
        }
      }
    },
    "32:10": {
      "questID:3": 45,
      "completed:9": {},
      "tasks:9": {
        "0:10": {
          "completeUsers:9": {},
          "userProgress:9": {
            "0:10": {
              "data:9": {
                "0:3": 0,
                "1:3": 0
              },
              "uuid:8": "c8945350-839f-4c6d-8b0e-e99df549f3bc"
            }
          },
          "index:3": 0,
          "taskID:8": "bq_standard:retrieval"
        }
      }
    },
    "33:10": {
      "questID:3": 46,
      "completed:9": {},
      "tasks:9": {
        "0:10": {
          "completeUsers:9": {
            "0:8": "c8945350-839f-4c6d-8b0e-e99df549f3bc"
          },
          "userProgress:9": {
            "0:10": {
              "uuid:8": "c8945350-839f-4c6d-8b0e-e99df549f3bc",
              "value:3": 5
            }
          },
          "index:3": 0,
          "taskID:8": "bq_standard:hunt"
        },
        "1:10": {
          "completeUsers:9": {},
          "userProgress:9": {
            "0:10": {
              "uuid:8": "c8945350-839f-4c6d-8b0e-e99df549f3bc",
              "value:3": 1
            }
          },
          "index:3": 1,
          "taskID:8": "bq_standard:hunt"
        },
        "2:10": {
          "completeUsers:9": {},
          "userProgress:9": {},
          "index:3": 2,
          "taskID:8": "bq_standard:hunt"
        },
        "3:10": {
          "completeUsers:9": {
            "0:8": "c8945350-839f-4c6d-8b0e-e99df549f3bc"
          },
          "userProgress:9": {
            "0:10": {
              "uuid:8": "c8945350-839f-4c6d-8b0e-e99df549f3bc",
              "value:3": 1
            }
          },
          "index:3": 3,
          "taskID:8": "bq_standard:hunt"
        },
        "4:10": {
          "completeUsers:9": {
            "0:8": "c8945350-839f-4c6d-8b0e-e99df549f3bc"
          },
          "userProgress:9": {
            "0:10": {
              "uuid:8": "c8945350-839f-4c6d-8b0e-e99df549f3bc",
              "value:3": 1
            }
          },
          "index:3": 4,
          "taskID:8": "bq_standard:hunt"
        }
      }
    },
    "34:10": {
      "questID:3": 47,
      "completed:9": {},
      "tasks:9": {
        "0:10": {
          "completeUsers:9": {},
          "index:3": 0,
          "taskID:8": "bq_standard:checkbox"
        }
      }
    },
    "35:10": {
      "questID:3": 48,
      "completed:9": {},
      "tasks:9": {
        "0:10": {
          "completeUsers:9": {},
          "userProgress:9": {},
          "index:3": 0,
          "taskID:8": "bq_standard:retrieval"
        }
      }
    },
    "36:10": {
      "questID:3": 49,
      "completed:9": {},
      "tasks:9": {
        "0:10": {
          "completeUsers:9": {},
          "userProgress:9": {},
          "index:3": 0,
          "taskID:8": "bq_standard:retrieval"
        }
      }
    },
    "37:10": {
      "questID:3": 50,
      "completed:9": {},
      "tasks:9": {
        "0:10": {
          "completeUsers:9": {},
          "userProgress:9": {},
          "index:3": 0,
          "taskID:8": "bq_standard:retrieval"
        }
      }
    }
  }
}