{"stat.chestOpened":35,"stat.pickup.tconstruct.tooltables":4,"stat.pickup.minecraft.tripwire_hook":9,"stat.useItem.exnihilocreatio.block_granite_crushed":13,"stat.useItem.exnihilocreatio.hammer_gold":6,"stat.craftItem.ceramics.unfired_clay":14,"stat.useItem.minecraft.stone":29,"stat.mineBlock.minecraft.dispenser":9,"stat.pickup.minecraft.gravel":225,"stat.mineBlock.minecraft.cobblestone":193,"stat.useItem.extrautils2.compressedcobblestone":14,"stat.pickup.minecraft.flint":6,"stat.useItem.minecraft.apple":10,"stat.craftItem.excompressum.compressed_hammer_stone":2,"stat.craftItem.minecraft.coal":3,"stat.pickup.exnihilocreatio.item_seed_sugarcane":6,"stat.craftItem.extrautils2.compressedcobblestone":18,"stat.craftItem.exnihilocreatio.block_crucible":4,"stat.mineBlock.extrautils2.compressedcobblestone":18,"stat.jump":105,"stat.swimOneCm":2339,"stat.useItem.minecraft.sand":19,"stat.fallOneCm":406,"stat.pickup.exnihilocreatio.block_granite_crushed":15,"stat.pickup.minecraft.melon_seeds":36,"stat.pickup.minecraft.gunpowder":4,"stat.crouchOneCm":144,"stat.mineBlock.minecraft.chest":1,"stat.craftItem.minecraft.chest":4,"stat.craftItem.minecraft.torch":4,"stat.pickup.minecraft.dirt":129,"stat.useItem.minecraft.dirt":10,"stat.useItem.minecraft.stone_slab2":70,"stat.useItem.minecraft.iron_hoe":9,"stat.useItem.minecraft.water_bucket":5,"stat.pickup.exnihilocreatio.block_dust":94,"stat.pickup.minecraft.sand":153,"stat.craftItem.minecraft.furnace":2,"stat.mineBlock.excompressum.wooden_crucible":1,"stat.useItem.minecraft.sapling":31,"stat.mineBlock.tconstruct.tooltables":4,"stat.pickup.minecraft.leaves":994,"stat.craftItem.tconstruct.pattern":4,"stat.pickup.exnihilocreatio.item_seed_spruce":5,"stat.pickup.minecraft.bucket":1,"stat.craftItem.minecraft.stone_pickaxe":1,"stat.mineBlock.minecraft.furnace":1,"stat.dispenserInspected":1,"stat.useItem.minecraft.wooden_pickaxe":59,"stat.pickup.exnihilocreatio.item_pebble":547,"stat.pickup.minecraft.cobblestone":158,"stat.mineBlock.minecraft.sapling":1,"stat.useItem.excompressum.compressed_crook":58,"stat.pickup.minecraft.dye":17,"stat.useItem.yoyos.shear_yoyo":4,"stat.mineBlock.exnihilocreatio.block_infested_leaves":55,"stat.pickup.exnihilocreatio.item_seed_cactus":4,"stat.pickup.minecraft.clay":18,"stat.flyOneCm":121,"stat.pickup.minecraft.wheat_seeds":102,"stat.pickup.exnihilocreatio.item_seed_potato":9,"stat.mineBlock.minecraft.sand":22,"stat.useItem.extrautils2.compressedgravel":11,"stat.mineBlock.minecraft.gravel":71,"stat.craftItem.extrautils2.compressedsand":14,"stat.useItem.minecraft.stone_pickaxe":131,"stat.craftItem.minecraft.wooden_slab":24,"stat.craftItem.extrautils2.compresseddirt":8,"stat.craftItem.exnihilocreatio.crook_wood":8,"stat.craftItem.minecraft.glass":1,"stat.useItem.exnihilocreatio.item_material":5,"stat.useItem.exnihilocreatio.item_seed_sugarcane":1,"stat.timeSinceDeath":119615,"stat.pickup.exnihilocreatio.item_seed_birch":7,"stat.mineBlock.exnihilocreatio.block_barrel0":7,"stat.mineBlock.minecraft.dirt":2,"stat.craftItem.minecraft.wooden_pickaxe":1,"stat.mineBlock.excompressum.heavy_sieve":1,"stat.useItem.minecraft.wooden_slab":7,"stat.pickup.exnihilocreatio.item_mesh":4,"stat.useItem.exnihilocreatio.crook_bone":256,"stat.pickup.excompressum.heavy_sieve":1,"stat.walkOneCm":206017,"stat.craftItem.excompressum.compressed_block":6,"stat.useItem.minecraft.torch":1,"stat.useItem.minecraft.chest":1,"stat.pickup.exnihilocreatio.item_seed_darkoak":7,"stat.pickup.exnihilocreatio.block_barrel0":7,"stat.pickup.minecraft.stick":2,"stat.useItem.minecraft.log":1,"stat.useItem.minecraft.cobblestone":24,"stat.craftItem.minecraft.crafting_table":4,"stat.mineBlock.chancecubes.chance_cube":3,"stat.craftItem.extrautils2.compressedgravel":14,"stat.furnaceInteraction":8,"stat.useItem.minecraft.gravel":56,"stat.useItem.minecraft.lava_bucket":1,"stat.drop.questbook.itemquestbook":1,"stat.pickup.minecraft.iron_hoe":1,"stat.pickup.questbook.itemquestbook":1,"stat.pickup.exnihilocreatio.item_seed_oak":5,"stat.pickup.minecraft.string":73,"stat.pickup.minecraft.log":183,"stat.pickup.exnihilocreatio.item_seed_jungle":8,"stat.craftItem.tp.wooden_shears":22,"stat.craftItem.excompressum.compressed_crook":1,"stat.useItem.exnihilocreatio.block_andesite_crushed":30,"stat.pickup.exnihilocreatio.block_andesite_crushed":48,"stat.craftItem.exnihilocreatio.block_sieve":2,"stat.craftItem.exnihilocreatio.hammer_stone":18,"stat.pickup.minecraft.furnace":1,"stat.craftItem.minecraft.stone_slab2":0,"stat.useItem.harvestcraft.toastsandwichitem":1,"stat.pickup.minecraft.sapling":112,"stat.craftItem.tconstruct.tooltables":10,"stat.craftItem.excompressum.heavy_sieve":1,"stat.useItem.minecraft.leaves":3,"stat.sprintOneCm":1801,"stat.pickup.minecraft.apple":10,"stat.useItem.exnihilocreatio.block_barrel0":8,"stat.craftItem.minecraft.stick":128,"stat.mineBlock.minecraft.tripwire_hook":9,"stat.pickup.exnihilocreatio.item_material":59,"stat.craftItem.minecraft.planks":249,"stat.craftItem.minecraft.stone":46,"stat.useItem.minecraft.wheat_seeds":14,"stat.mineBlock.exnihilocreatio.block_granite_crushed":15,"stat.pickup.exnihilocreatio.item_seed_carrot":5,"stat.pickup.minecraft.pumpkin_seeds":31,"stat.useItem.excompressum.compressed_hammer_stone":156,"stat.craftItem.exnihilocreatio.block_barrel0":5,"stat.craftItem.minecraft.clay_ball":24,"stat.mineBlock.minecraft.log":183,"stat.pickup.excompressum.wooden_crucible":1,"stat.useItem.extrautils2.compressedsand":6,"stat.drop":1,"stat.mineBlock.minecraft.leaves":1648,"stat.playOneMinute":119615,"stat.craftItem.excompressum.wooden_crucible":1,"stat.pickup.exnihilocreatio.item_seed_acacia":4,"stat.sneakTime":3572,"stat.pickup.exnihilocreatio.block_sieve":1,"stat.mineBlock.extrautils2.compressedsand":8,"stat.mineBlock.exnihilocreatio.block_andesite_crushed":32,"stat.mineBlock.extrautils2.compressedgravel":14,"stat.pickup.minecraft.dispenser":9,"stat.craftItem.exnihilocreatio.item_mesh":4,"stat.mineBlock.exnihilocreatio.block_sieve":1,"stat.craftItem.minecraft.cobblestone":80,"stat.mineBlock.minecraft.stone":31,"stat.diveOneCm":91,"stat.pickup.minecraft.chest":1,"stat.useItem.exnihilocreatio.crook_wood":128}