{"stat.useItem.minecraft.bow":23,"stat.pickup.actuallyadditions.itemDust":19,"stat.pickup.extrautils2.redorchid":1,"stat.mineBlock.cookingforblockheads.cowJar":2,"stat.craftItem.botania.lexicon":1,"stat.pickup.actuallyadditions.itemCrafterOnAStick":7,"stat.craftItem.excompressum.compressed_hammer_stone":2,"stat.craftItem.cookingforblockheads.milkJar":1,"stat.craftItem.extrautils2.endershard":8,"stat.pickup.minecraft.rotten_flesh":448,"stat.pickup.minecraft.bucket":3,"achievement.botania:flowerPickup":123,"stat.killEntity.Enderman":7,"stat.pickup.roots.oldRoot":14,"stat.useItem.minecraft.anvil":2,"stat.pickup.minecraft.brown_mushroom":1,"achievement.buildPickaxe":10,"stat.craftItem.storagedrawers.upgradeTemplate":2,"stat.craftItem.excompressum.compressed_hammer_diamond":2,"stat.craftItem.excompressum.bait":6,"stat.useItem.hatchery.pen":30,"stat.useItem.minecraft.iron_pickaxe":204,"stat.craftItem.tp.diamond_cobblegen_block":2,"stat.pickup.excompressum.heavy_sieve":1,"stat.pickup.exnihiloadscensio.itemSeedAcacia":2,"stat.pickup.botania.pestleAndMortar":1,"stat.craftItem.minecraft.glass_pane":16,"stat.mineBlock.excompressum.auto_sieve":4,"stat.furnaceInteraction":173,"stat.useItem.minecraft.nether_wart":5,"stat.useItem.chickens.spawn_egg":1,"stat.craftItem.exnihiloadscensio.itemOreNickel":289,"stat.pickup.extrautils2.enderlilly":2,"stat.pickup.minecraft.sponge":1,"stat.pickup.minecraft.hay_block":7,"achievements.xu2.solar.panel":133,"stat.useItem.minecraft.fence":105,"stat.pickup.mysticalagriculture.tier1_inferium_seeds":15,"stat.craftItem.botania.fertilizer":48,"stat.craftItem.botania.pestleAndMortar":1,"stat.mineBlock.tp.diamond_cobblegen_block":3,"stat.useItem.botania.runeAltar":1,"stat.pickup.botania.rune":2,"stat.craftItem.botania.pool":1,"stat.mineBlock.minecraft.fence":39,"stat.useItem.minecraft.flint_and_steel":1,"stat.useItem.minecraft.wheat_seeds":181,"stat.pickup.minecraft.emerald":31,"stat.pickup.minecraft.lever":9,"stat.deaths":16,"stat.useItem.refinedstorage.wireless_transmitter":4,"stat.useItem.tconstruct.smeltery_io":6,"stat.pickup.minecraft.egg":92,"stat.pickup.natura.nether_sapling":2,"stat.craftItem.minecraft.iron_pickaxe":1,"stat.craftItem.enderio.itemMaterial":280,"stat.chestOpened":993,"stat.useItem.moarsigns.moar_sign":27,"stat.craftItem.actuallyadditions.itemCrafterOnAStick":2,"stat.useItem.snad.snad":4,"stat.craftItem.minecraft.coal":154,"stat.pickup.exnihiloadscensio.itemOreNickel":673,"stat.pickup.minecraft.carrot":80,"stat.crouchOneCm":647356,"stat.craftItem.minecraft.iron_ingot":483,"stat.craftingTableInteraction":23,"stat.craftItem.enderio.blockSagMill":1,"stat.craftItem.extrautils2.decorativesolid":4,"stat.mineBlock.tconstruct.rack":14,"stat.mineBlock.chickens.henhouse":4,"stat.craftItem.tconstruct.pattern":22,"stat.pickup.exnihiloadscensio.itemMaterial":368,"stat.mineBlock.tconstruct.smeltery_io":3,"stat.useItem.exnihiloadscensio.itemSeedOak":1,"stat.craftItem.tconstruct.seared_glass":36,"stat.pickup.minecraft.dye":1290,"stat.pickup.minecraft.planks":310,"stat.craftItem.exnihiloadscensio.hammerIron":46,"stat.drop.extrautils2.spike_stone":2,"stat.pickup.refinedstorage.wireless_grid":2,"stat.craftItem.minecraft.magma":1,"stat.pickup.botania.fertilizer":22,"stat.drop.refinedstorage.quartz_enriched_iron":35,"stat.pickup.exnihiloadscensio.itemSeedPotato":2,"stat.craftItem.enderio.itemMachinePart":5,"stat.pickup.tconstruct.pickaxe":3,"stat.pickup.refinedstorage.processor":4,"stat.pickup.exnihiloadscensio.itemOreLead":645,"stat.pickup.minecraft.chicken":20,"stat.craftItem.enderio.blockCapBank":1,"stat.craftItem.minecraft.bucket":1,"stat.pickup.refinedstorage.storage_disk":1,"stat.craftItem.minecraft.planks":3875,"stat.craftItem.refinedstorage.storage_disk":5,"stat.drop.minecraft.leather_leggings":1,"stat.mineBlock.storagedrawers.basicDrawers":10,"stat.craftItem.exnihiloadscensio.itemMaterial":140,"stat.breakItem.minecraft.leather_leggings":1,"stat.craftItem.minecraft.cobblestone":101,"stat.mineBlock.darkutils.trap_move":2,"stat.useItem.rftools.crafter1":6,"stat.useItem.enderio.itemLiquidConduit":38,"stat.drop.refinedstorage.wireless_transmitter":64,"stat.drop.exnihiloadscensio.itemMesh":2,"stat.drop.enderio.itemMaterial":13,"stat.mineBlock.minecraft.cobblestone":425,"stat.pickup.minecraft.flint":119,"stat.pickup.minecraft.leather_chestplate":1,"stat.useItem.enderio.blockCapBank":2,"stat.drop.minecraft.cobblestone":1,"stat.useItem.exnihiloadscensio.crookWood":516,"stat.craftItem.minecraft.furnace":22,"stat.pickup.tp.cobblegen_block":3,"stat.useItem.storagedrawers.basicDrawers":35,"stat.mineBlock.minecraft.clay":83,"stat.useItem.actuallyadditions.blockGiantChest":27,"stat.craftItem.actuallyadditions.itemMisc":60,"stat.craftItem.extrautils2.passivegenerator":3,"stat.useItem.botania.livingwood":1,"stat.useItem.excompressum.auto_hammer":11,"stat.useItem.minecraft.wooden_slab":2623,"stat.drop.minecraft.spider_eye":1,"stat.craftItem.minecraft.iron_block":13,"stat.craftItem.minecraft.stonebrick":16,"stat.pickup.exnihiloadscensio.itemOreGold":1141,"stat.useItem.tconstruct.rack":14,"stat.craftItem.excompressum.auto_compressed_hammer":2,"stat.killEntity.Creeper":28,"stat.craftItem.refinedstorage.quartz_enriched_iron":224,"achievement.buildSword":13,"stat.useItem.minecraft.dropper":1,"stat.sprintOneCm":1271267,"stat.mineBlock.minecraft.stone_slab":242,"stat.useItem.minecraft.hay_block":5,"stat.pickup.extrautils2.passivegenerator":7,"stat.pickup.actuallyadditions.itemShovelObsidian":1,"stat.pickup.minecraft.leather_leggings":2,"stat.craftItem.minecraft.redstone_lamp":8,"stat.pickup.minecraft.sugar":9,"stat.useItem.minecraft.cake":2,"stat.useItem.minecraft.banner":4,"stat.killEntity.Zombie":42,"stat.craftItem.minecraft.dye":571,"stat.pickup.enderio.blockEndermanSkull":1,"stat.pickup.minecraft.wheat":1078,"stat.pickup.exnihiloadscensio.itemSeedJungle":6,"stat.mineBlock.tp.iron_cobblegen_block":4,"stat.craftItem.botania.altar":1,"stat.drop.lootbags.itemlootbag":9,"stat.pickup.minecraft.obsidian":20,"stat.mineBlock.botania.spreader":2,"stat.useItem.harvestcraft.toastItem":29,"stat.pickup.exnihiloadscensio.itemPebble":214,"stat.mineBlock.refinedstorage.solderer":1,"stat.pickup.minecraft.coal":1817,"stat.pickup.minecraft.iron_ingot":15,"stat.craftItem.minecraft.lever":17,"stat.useItem.exnihiloadscensio.itemSeedSugarcane":4,"stat.craftItem.refinedstorage.grid":1,"stat.pickup.minecraft.gunpowder":697,"stat.drop.refinedstorage.importer":64,"stat.useItem.cookingforblockheads.cowJar":2,"stat.pickup.minecraft.dirt":800,"stat.pickup.exnihiloadscensio.itemSeedSugarcane":6,"stat.pickup.minecraft.cookie":3,"stat.mineBlock.minecraft.torch":51,"stat.pickup.minecraft.written_book":3,"stat.mineBlock.minecraft.red_flower":39,"stat.pickup.ironbackpacks.basicBackpack":1,"stat.craftItem.minecraft.glowstone":16,"stat.pickup.botania.spreader":2,"stat.mineBlock.minecraft.fence_gate":1,"stat.craftItem.enderio.blockFusedQuartz":70,"stat.craftItem.extrautils2.compressedsand":64,"stat.craftItem.simpleachievements.achievement_book":1,"stat.pickup.enderio.blockSagMill":2,"stat.craftItem.exnihiloadscensio.blockSieve":4,"stat.pickup.environmentaltech.digital_guide":1,"stat.craftItem.extrautils2.wateringcan":1,"stat.useItem.hatchery.chickenmanure":126,"stat.craftItem.exnihiloadscensio.itemOreAluminium":36,"stat.craftItem.hatchery.nursery_block":1,"stat.craftItem.tconstruct.smeltery_io":3,"stat.drop.minecraft.wheat":10,"stat.mineBlock.exnihiloadscensio.blockSieve":4,"stat.useItem.minecraft.lava_bucket":16,"stat.pickup.harvestcraft.donutItem":1,"stat.craftItem.rftools.coalgenerator":1,"stat.pickup.exnihiloadscensio.blockSieve":4,"stat.pickup.bigreactors.dustmetals":1,"stat.mineBlock.refinedstorage.cable":9,"stat.craftItem.enderio.itemLiquidConduit":48,"stat.mobKills":233,"stat.pickup.cookingforblockheads.spiceRack":1,"stat.pickup.minecraft.diamond":133,"stat.craftItem.refinedstorage.controller":1,"stat.pickup.botania.specialFlower":9,"stat.craftItem.harvestcraft.mayoItem":3,"stat.useItem.betterbuilderswands.wandIron":20,"stat.pickup.botania.livingrock":65,"stat.breakItem.chesttransporter.chesttransporter":1,"stat.pickup.tp.diamond_cobblegen_block":3,"stat.useItem.botania.twigWand":607,"stat.useItem.extrautils2.spike_iron":10,"stat.pickup.enderio.itemPowerConduit":12,"stat.useItem.minecraft.soul_sand":10,"stat.useItem.rftools.coalgenerator":2,"stat.drop.tconstruct.pickaxe":1,"stat.useItem.chancecubes.chance_Cube":4,"stat.pickup.harvestcraft.toastItem":23,"stat.pickup.minecraft.glowstone_dust":19,"stat.useItem.botania.pool":2,"stat.useItem.exnihiloadscensio.blockInfestedLeaves":1,"stat.pickup.chickens.henhouse":4,"stat.craftItem.moreshears.diamondShears":6,"stat.drop.hatchery.chickenmanure":1,"stat.craftItem.tconstruct.casting":11,"stat.useItem.exnihiloadscensio.blockCrucible":40,"stat.craftItem.minecraft.stone_sword":3,"stat.mineBlock.minecraft.sand":201,"stat.craftItem.harvestcraft.toastItem":31,"stat.craftItem.minecraft.wooden_hoe":1,"stat.useItem.minecraft.fence_gate":3,"stat.hopperInspected":2,"stat.mineBlock.enderio.blockAlloySmelter":7,"stat.breakItem.excompressum.compressed_hammer_iron":3,"stat.useItem.exnihiloadscensio.itemSeedCarrot":1,"stat.useItem.excompressum.heavy_sieve":2,"stat.pickup.minecraft.ghast_tear":2,"stat.craftItem.minecraft.magma_cream":4,"stat.useItem.harvestcraft.applejuiceItem":29,"stat.craftItem.exnihiloadscensio.itemOreIron":1230,"stat.craftItem.exnihiloadscensio.itemOreSilver":46,"stat.pickup.hatchery.pen":14,"stat.pickup.actuallyadditions.itemChestObsidian":1,"stat.craftItem.excompressum.compressed_hammer_iron":5,"stat.craftItem.ironbackpacks.crafting":3,"stat.pickup.minecraft.stone_stairs":18,"stat.craftItem.minecraft.fence_gate":2,"stat.mineBlock.minecraft.soul_sand":5,"stat.mineBlock.exnihiloadscensio.blockCrucible":24,"stat.useItem.cookingforblockheads.milkJar":1,"stat.craftItem.darkutils.trap_move":24,"stat.pickup.exnihiloadscensio.itemMesh":13,"achievement.actuallyadditions.openBooklet":1,"stat.pickup.tconstruct.casting":56,"stat.craftItem.extrautils2.spike_iron":4,"stat.pickup.moarsigns.moar_sign":23,"stat.breakItem.excompressum.compressed_crook":12,"stat.pickup.exnihiloadscensio.blockCrucible":21,"stat.craftItem.refinedstorage.upgrade":5,"stat.pickup.simplecorn.kernels":45,"stat.useItem.excompressum.auto_compressor":2,"stat.pickup.excompressum.compressed_crook":1,"stat.pickup.minecraft.melon_seeds":3,"stat.mineBlock.excompressum.auto_compressed_hammer":2,"stat.entityKilledBy.headcrumbs.Human":1,"stat.pickup.minecraft.melon":49,"stat.pickup.mysticalagriculture.prosperity_shard":4,"stat.dropperInspected":1,"stat.useItem.minecraft.furnace":18,"stat.pickup.exnihiloadscensio.itemSeedDarkOak":5,"stat.craftItem.tconstruct.materials":545,"stat.useItem.excompressum.compressed_crook":7142,"stat.craftItem.extrautils2.ingredients":2,"stat.mineBlock.botania.pool":1,"stat.mineBlock.minecraft.gravel":537,"stat.useItem.minecraft.wool":2,"stat.craftItem.rftools.machine_frame":12,"stat.useItem.minecraft.torch":236,"stat.craftItem.minecraft.redstone_block":10,"stat.craftItem.minecraft.stone_stairs":20,"stat.useItem.minecraft.log":150,"stat.pickup.minecraft.crafting_table":1,"stat.drop.minecraft.tallgrass":2,"stat.craftItem.minecraft.crafting_table":15,"stat.pickup.excompressum.bait":5,"stat.pickup.rftools.crafter1":4,"stat.pickup.exnihiloadscensio.blockInfestedLeaves":22,"stat.drop.minecraft.planks":1,"stat.pickup.minecraft.sapling":1854,"stat.pickup.exnihiloadscensio.itemOreCopper":546,"stat.pickup.actuallyadditions.itemMisc":12,"stat.useItem.enderio.itemItemConduit":154,"stat.craftItem.enderio.blockAlloySmelter":1,"stat.pickup.extrautils2.spike_iron":20,"stat.pickup.refinedstorage.wireless_transmitter":3,"stat.mineBlock.exnihiloadscensio.blockDust":1,"stat.pickup.actuallyadditions.blockGiantChest":12,"ftbl.stat.first_joined":{"value":0,"progress":1534615349291},"stat.craftItem.hatchery.pen":19,"stat.craftItem.minecraft.sugar":6,"stat.drop.tconstruct.hatchet":1,"stat.drop.minecraft.bucket":1,"stat.mineBlock.extrautils2.compressedgravel":131,"stat.pickup.minecraft.stone_slab":238,"stat.pickup.minecraft.yellow_flower":104,"stat.pickup.actuallyadditions.itemRiceSeed":17,"stat.pickup.minecraft.bone":357,"stat.craftItem.minecraft.sticky_piston":2,"stat.craftItem.ceramics.unfired_clay":6,"stat.mineBlock.extrautils2.spike_stone":6,"stat.drop.minecraft.red_mushroom":1,"stat.mineBlock.minecraft.brown_mushroom":1,"stat.mineBlock.enderio.blockSagMill":2,"stat.craftItem.extrautils2.glasscutter":1,"stat.useItem.refinedstorage.controller":2,"stat.pickup.lootbags.itemlootbag":128,"stat.pickup.excompressum.auto_sieve":4,"stat.drop.minecraft.quartz":6,"stat.mineBlock.extrautils2.spike_iron":9,"stat.pickup.minecraft.anvil":2,"stat.useItem.actuallyadditions.itemPickaxeQuartz":29,"stat.pickup.minecraft.cobblestone":2184,"stat.pickup.minecraft.soul_sand":74,"stat.useItem.minecraft.cooked_beef":1,"stat.craftItem.extrautils2.compresseddirt":4,"stat.drop.minecraft.clay_ball":6,"stat.pickup.minecraft.redstone":35,"stat.craftItem.minecraft.book":1,"stat.pickup.integrateddynamics.on_the_dynamics_of_integration":2,"stat.drop.minecraft.coal":78,"stat.useItem.minecraft.cooked_porkchop":1,"stat.craftItem.tconstruct.punji":18,"stat.craftItem.refinedstorage.core":6,"stat.craftItem.tconstruct.soil":768,"stat.pickup.exnihiloadscensio.itemOreSilver":123,"stat.pickup.botania.petal":7,"stat.craftItem.minecraft.stick":660,"stat.useItem.extrautils2.passivegenerator":7,"stat.craftItem.minecraft.gold_nugget":90,"stat.drop.minecraft.leaves":1,"stat.useItem.excompressum.compressed_hammer_stone":264,"stat.pickup.botania.flower":123,"stat.mineBlock.minecraft.planks":195,"stat.drop":78,"stat.useItem.tp.diamond_cobblegen_block":5,"stat.killEntity.Sheep":2,"stat.useItem.tconstruct.seared":125,"stat.useItem.minecraft.melon_seeds":3,"stat.pickup.enderio.itemMaterial":9,"stat.craftItem.minecraft.piston":37,"stat.useItem.exnihiloadscensio.itemMaterial":12,"stat.craftItem.refinedstorage.storage_part":70,"stat.mineBlock.minecraft.anvil":1,"stat.useItem.minecraft.apple":86,"stat.mineBlock.tconstruct.punji":10,"stat.useItem.minecraft.porkchop":1,"stat.pickup.botania.tinyPotato":2,"stat.pickup.minecraft.fence":50,"stat.pickup.excompressum.auto_heavy_sieve":1,"stat.useItem.botania.altar":2,"stat.drop.refinedstorage.wireless_grid":1,"stat.pickup.exnihiloadscensio.itemOreAluminium":189,"stat.useItem.refinedstorage.external_storage":1,"stat.craftItem.excompressum.auto_hammer":3,"stat.craftItem.minecraft.flint_and_steel":1,"stat.useItem.minecraft.redstone_lamp":12,"stat.mineBlock.tconstruct.tooltables":1,"stat.pickup.exnihiloadscensio.hammerStone":2,"stat.mineBlock.minecraft.stone_stairs":19,"stat.craftItem.minecraft.iron_bars":16,"stat.mineBlock.minecraft.furnace":17,"stat.pickup.minecraft.prismarine_shard":2,"stat.mineBlock.extrautils2.user":8,"stat.craftItem.storagedrawers.basicDrawers":46,"achievement.ironbackpacks.basicBackpackCrafted":1,"stat.pickup.minecraft.oak_stairs":15,"stat.craftItem.extrautils2.user":1,"stat.damageDealt":27670,"stat.pickup.extrautils2.wateringcan":2,"stat.craftItem.minecraft.bowl":4,"stat.craftItem.minecraft.anvil":1,"stat.useItem.minecraft.crafting_table":2,"stat.craftItem.immersiveengineering.storage":2,"stat.craftItem.enderio.itemBasicCapacitor":12,"stat.craftItem.botania.flowerBag":1,"stat.pickup.ceramics.clay_bucket":2,"stat.pickup.minecraft.stick":19,"stat.pickup.immersiveengineering.storage":4,"ftbl.stat.last_seen":{"value":0,"progress":1534962483748},"stat.mineBlock.botania.altar":1,"stat.useItem.botania.specialFlower":8,"stat.craftItem.minecraft.redstone":1,"stat.craftItem.harvestcraft.applejuiceItem":63,"stat.killEntity.Chicken":4,"stat.craftItem.minecraft.fence":72,"stat.pickup.enderio.blockStirlingGenerator":1,"stat.mineBlock.minecraft.leaves":17566,"stat.useItem.enderio.blockAlloySmelter":10,"stat.mineBlock.minecraft.hay_block":5,"stat.useItem.tconstruct.hatchet":2412,"stat.useItem.refinedstorage.grid":4,"stat.pickup.minecraft.wooden_slab":649,"stat.leaveGame":10,"stat.mineBlock.storagedrawers.compDrawers":1,"stat.pickup.tconstruct.edible":5,"stat.useItem.enderio.blockEndermanSkull":1,"achievement.actuallyadditions.openBookletMilestone":{"value":0,"progress":["1"]},"stat.craftItem.chesttransporter.chesttransporter_obsidian":1,"stat.pickup.simpleachievements.achievement_book":3,"stat.useItem.elevatorid.elevator_white":5,"stat.craftItem.storagedrawers.drawerKey":1,"stat.mineBlock.gravestone.gravestone":13,"stat.craftItem.exnihiloadscensio.itemOreGold":396,"stat.mineBlock.minecraft.wooden_slab":434,"stat.pickup.minecraft.leather_boots":1,"stat.craftItem.exnihiloadscensio.blockBarrel1":6,"stat.craftItem.exnihiloadscensio.blockBarrel0":15,"stat.useItem.storagedrawers.compDrawers":5,"stat.craftItem.excompressum.auto_compressor":1,"stat.mineBlock.excompressum.auto_hammer":8,"stat.pickup.chesttransporter.chesttransporter_obsidian":1,"stat.craftItem.tp.iron_cobblegen_block":2,"stat.mineBlock.botania.flower":123,"stat.pickup.chancecubes.chance_Cube":1,"stat.pickup.exnihiloadscensio.hammerDiamond":2,"stat.craftItem.exnihiloadscensio.itemMesh":7,"stat.drop.exnihiloadscensio.blockInfestedLeaves":1,"stat.craftItem.excompressum.compressed_crook":13,"stat.useItem.moreshears.diamondShears":4678,"stat.pickup.botania.livingwood":69,"stat.pickup.minecraft.beef":28,"stat.craftItem.botania.grassHorn":1,"stat.pickup.minecraft.leather_helmet":2,"stat.useItem.botania.spreader":4,"stat.craftItem.refinedstorage.cable":48,"achievement.openInventory":1716,"stat.craftItem.actuallyadditions.blockMisc":11,"stat.pickup.tconstruct.smeltery_io":3,"stat.pickup.tp.iron_cobblegen_block":4,"stat.pickup.exnihiloadscensio.itemSeedOak":3,"stat.craftItem.minecraft.dropper":2,"stat.useItem.minecraft.dye":541,"stat.pickup.actuallyadditions.itemHoeQuartz":1,"stat.useItem.forge.bucketFilled":2,"stat.useItem.enderio.itemPowerConduit":35,"stat.pickup.refinedstorage.cable":9,"stat.craftItem.botania.runeAltar":1,"stat.craftItem.immersiveengineering.metal":223,"stat.mineBlock.minecraft.tallgrass":369,"stat.pickup.tconstruct.seared":1,"stat.useItem.actuallyadditions.itemHoeQuartz":202,"stat.useItem.refinedstorage.cable":69,"stat.useItem.minecraft.stone":66,"stat.pickup.minecraft.arrow":211,"stat.pickup.extrautils2.compressedcobblestone":5,"stat.useItem.tp.cobblegen_block":3,"stat.useItem.minecraft.clay":83,"stat.craftItem.excompressum.auto_heavy_sieve":1,"stat.drop.refinedstorage.cable":3,"stat.pickup.tconstruct.cast_custom":29,"stat.pickup.extrautils2.redstoneclock":7,"achievement.killCow":9,"stat.mineBlock.minecraft.chest":15,"stat.craftItem.enderio.itemBasicFilterUpgrade":9,"stat.craftItem.minecraft.hopper":10,"stat.mineBlock.exnihiloadscensio.blockBarrel1":13,"stat.mineBlock.exnihiloadscensio.blockBarrel0":24,"stat.pickup.extrautils2.spike_stone":8,"stat.pickup.excompressum.auto_compressor":1,"stat.useItem.minecraft.reeds":14,"stat.pickup.botania.grassSeeds":2,"stat.pickup.tconstruct.binding":1,"stat.pickup.botania.twigWand":1,"stat.useItem.exnihiloadscensio.hammerDiamond":20,"stat.pickup.minecraft.wheat_seeds":1030,"stat.drop.ironbackpacks.basicBackpack":1,"stat.mineBlock.minecraft.dirt":142,"stat.pickup.minecraft.poisonous_potato":3,"stat.useItem.refinedstorage.solderer":3,"stat.pickup.immersiveengineering.seed":30,"stat.craftItem.extrautils2.spike_stone":4,"stat.craftItem.refinedstorage.solderer":1,"stat.useItem.minecraft.cobblestone":708,"stat.useItem.minecraft.gravel":551,"stat.pickup.hatchery.nest":2,"achievement.botania:lexiconUse":8,"stat.drop.tconstruct.sword_blade":1,"stat.pickup.minecraft.iron_pickaxe":1,"stat.useItem.tconstruct.pickaxe":670,"achievement.botania:manaPoolPickup":1,"stat.craftItem.minecraft.gold_ingot":32,"stat.useItem.refinedstorage.exporter":4,"stat.pickup.minecraft.apple":208,"stat.craftItem.immersiveengineering.tool":1,"stat.pickup.minecraft.banner":2,"achievement.portal":6,"stat.mineBlock.excompressum.auto_compressor":1,"stat.mineBlock.minecraft.log":1659,"stat.breakItem.moreshears.diamondShears":6,"stat.drop.enderio.blockAlloySmelter":1,"achievement.acquireIron":78,"stat.craftItem.botania.twigWand":1,"stat.craftItem.minecraft.paper":57,"stat.craftItem.rscircuits.resource":9,"stat.pickup.minecraft.red_flower":134,"stat.pickup.minecraft.wool":41,"stat.cakeSlicesEaten":1,"stat.craftItem.excompressum.auto_sieve":3,"stat.pickup.exnihiloadscensio.blockBarrel0":24,"stat.killEntity.headcrumbs.Human":53,"stat.pickup.exnihiloadscensio.blockBarrel1":13,"stat.mineBlock.minecraft.yellow_flower":32,"stat.useItem.refinedstorage.disk_drive":4,"stat.craftItem.minecraft.wool":18,"stat.pickup.hatchery.animalnet":1,"achievement.buildWorkBench":21,"stat.pickup.hatchery.fertilized_dirt":4,"stat.craftItem.chickens.henhouse":1,"stat.useItem.minecraft.obsidian":10,"stat.pickup.refinedstorage.grid":1,"stat.pickup.minecraft.bow":5,"stat.pickup.refinedstorage.solderer":1,"stat.useItem.minecraft.egg":33,"stat.useItem.mob_grinding_utils.fan":22,"stat.craftItem.minecraft.cooked_beef":4,"stat.craftItem.minecraft.bow":2,"stat.flyOneCm":380035,"stat.pickup.minecraft.fish":2,"stat.useItem.extrautils2.compressedgravel":131,"stat.pickup.excompressum.auto_hammer":8,"stat.timeSinceDeath":324747,"stat.useItem.exnihiloadscensio.blockDust":1,"stat.mineBlock.botania.livingwood":65,"stat.killEntity.Bat":3,"stat.pickup.hatchery.chickenmanure":441,"stat.mineBlock.excompressum.bait":5,"stat.craftItem.storagedrawers.customDrawers":4,"stat.useItem.minecraft.potato":16,"stat.mineBlock.enderio.blockCapBank":1,"stat.craftItem.tconstruct.seared":134,"stat.pickup.minecraft.nether_wart":12,"stat.useItem.simplegenerators.lava_generator":12,"stat.pickup.minecraft.string":360,"stat.pickup.botania.manaResource":1,"stat.pickup.extrautils2.glasscutter":1,"stat.useItem.minecraft.milk_bucket":5,"stat.useItem.minecraft.written_book":1,"stat.craftItem.tconstruct.tooltables":5,"stat.craftItem.excompressum.heavy_sieve":2,"stat.breakItem.excompressum.compressed_hammer_stone":2,"stat.craftItem.mysticalagriculture.tier1_inferium_seeds":16,"stat.useItem.ceramics.clay_bucket":41,"achievement.killEnemy":151,"stat.useItem.tconstruct.seared_tank":1,"stat.pickup.refinedstorage.upgrade":8,"stat.pickup.enderio.itemBasicFilterUpgrade":4,"stat.pickup.minecraft.snowball":4,"stat.diveOneCm":215540,"stat.pickup.tconstruct.tooltables":1,"achievement.buildHoe":2,"stat.useItem.excompressum.bait":9,"achievement.simplegenerators.craft_lava_gen":8,"stat.drop.refinedstorage.grid":1,"stat.useItem.minecraft.rotten_flesh":2,"stat.jump":4799,"stat.useItem.minecraft.sand":201,"stat.pickup.enderio.blockAlloySmelter":7,"stat.craftItem.actuallyadditions.blockGiantChest":11,"stat.craftItem.minecraft.torch":152,"stat.craftItem.exnihiloadscensio.itemOreLead":294,"achievement.makeBread":62,"stat.drop.darkutils.trap_move":1,"stat.useItem.minecraft.sapling":261,"stat.craftItem.refinedstorage.importer":3,"stat.damageTaken":9384,"stat.useItem.extrautils2.redstoneclock":11,"stat.mineBlock.minecraft.melon_block":10,"stat.pickup.immersiveengineering.metal":1,"stat.mineBlock.minecraft.sapling":3,"stat.craftItem.hatchery.animalnet":1,"stat.pickup.tconstruct.ingots":1,"stat.pickup.minecraft.potato":65,"stat.useItem.exnihiloadscensio.hammerIron":511,"stat.pickup.botania.altar":1,"stat.useItem.excompressum.auto_heavy_sieve":2,"stat.drop.botania.petal":1,"stat.craftItem.minecraft.stone_slab":996,"stat.pickup.hatchery.hatcheryegg":2,"stat.animalsBred":18,"stat.useItem.minecraft.chest":41,"stat.craftItem.enderio.itemAlloy":40,"stat.drop.elevatorid.elevator_white":1,"stat.useItem.tconstruct.faucet":5,"stat.mineBlock.storagedrawers.customDrawers":4,"stat.drop.minecraft.potato":1,"stat.pickup.minecraft.ender_pearl":26,"stat.mineBlock.refinedstorage.grid":1,"stat.useItem.hatchery.fertilized_dirt":80,"stat.useItem.botania.livingrock":1,"stat.craftItem.minecraft.shears":1,"stat.pickup.storagedrawers.customDrawers":4,"stat.craftItem.botania.spreader":2,"stat.pickup.minecraft.torch":141,"stat.pickup.rftools.coalgenerator":2,"stat.mineBlock.tp.cobblegen_block":3,"stat.breakItem.exnihiloadscensio.crookWood":4,"stat.pickup.tconstruct.book":2,"stat.drop.excompressum.compressed_hammer_iron":1,"stat.craftItem.enderio.blockStirlingGenerator":1,"stat.drop.actuallyadditions.itemCrafterOnAStick":5,"stat.mineBlock.extrautils2.compressedcobblestone":1303,"stat.useItem.minecraft.planks":478,"stat.pickup.minecraft.porkchop":1,"stat.pickup.minecraft.blaze_powder":13,"stat.craftItem.hatchery.nest":25,"stat.useItem.minecraft.water_bucket":203,"stat.pickup.minecraft.sand":1765,"stat.pickup.darkutils.trap_move":11,"stat.craftItem.exnihiloadscensio.blockCrucible":40,"achievement.diamonds":133,"stat.craftItem.extrautils2.redstoneclock":5,"stat.pickup.harvestcraft.applejuiceItem":53,"stat.craftItem.ironbackpacks.basicBackpack":1,"stat.useItem.exnihiloadscensio.itemSeedBirch":1,"stat.useItem.hatchery.nursery_block":3,"achievement.buildBetterPickaxe":9,"stat.pickup.actuallyadditions.itemBooklet":2,"stat.mineBlock.hatchery.fertilized_dirt":4,"stat.useItem.minecraft.spawn_egg":1,"stat.useItem.minecraft.oak_stairs":18,"stat.craftItem.refinedstorage.machine_casing":2,"stat.useItem.refinedstorage.wireless_crafting_monitor":1,"stat.mineBlock.chancecubes.chance_Cube":4,"stat.pickup.moreshears.diamondShears":1,"stat.drop.minecraft.stone_slab":1,"stat.pickup.minecraft.fence_gate":1,"stat.pickup.minecraft.furnace":21,"stat.craftItem.minecraft.ender_pearl":1,"stat.useItem.minecraft.redstone":10,"stat.breakItem.actuallyadditions.itemHoeQuartz":1,"stat.useItem.integrateddynamics.dryingBasin":1,"stat.mineBlock.minecraft.redstone_lamp":4,"achievement.mineWood":1231,"stat.mineBlock.excompressum.auto_heavy_sieve":1,"stat.breakItem.exnihiloadscensio.hammerStone":3,"stat.pickup.minecraft.skull":4,"stat.useItem.minecraft.stone_stairs":19,"stat.mineBlock.extrautils2.passivegenerator":7,"stat.craftItem.chickens.colored_egg":7,"stat.useItem.tconstruct.seared_glass":36,"stat.mineBlock.rftools.crafter1":4,"stat.craftItem.minecraft.sand":45,"stat.craftItem.moarsigns.moar_sign":24,"stat.useItem.minecraft.hopper":1,"stat.craftItem.minecraft.heavy_weighted_pressure_plate":10,"stat.drop.betterbuilderswands.wandDiamond":1,"stat.mineBlock.minecraft.oak_stairs":18,"stat.useItem.hatchery.animalnet":109,"stat.playOneMinute":2946370,"stat.useItem.exnihiloadscensio.hammerStone":490,"stat.pickup.tconstruct.rack":14,"stat.useItem.minecraft.shears":16,"stat.useItem.tp.iron_cobblegen_block":4,"stat.pickup.natura.overworld_seeds":41,"stat.pickup.minecraft.iron_bars":8,"stat.craftItem.tp.cobblegen_block":2,"stat.pickup.cookingforblockheads.cowJar":2,"stat.pickup.exnihiloadscensio.itemSeedBirch":4,"stat.drop.minecraft.flint":11,"stat.craftItem.snad.snad":4,"stat.breakItem.minecraft.leather_helmet":1,"stat.fallOneCm":76142,"stat.drop.minecraft.dye":6,"stat.mineBlock.enderio.blockStirlingGenerator":1,"stat.craftItem.minecraft.chest":102,"stat.mineBlock.minecraft.lever":5,"stat.pickup.minecraft.red_mushroom":5,"stat.mineBlock.botania.livingrock":65,"stat.craftItem.hatchery.fertilized_dirt":80,"stat.pickup.minecraft.feather":16,"stat.pickup.actuallyadditions.itemShovelQuartz":1,"achievement.botania:tinyPotatoPet":65,"stat.useItem.refinedstorage.wireless_grid":3,"stat.craftItem.tconstruct.seared_tank":1,"stat.drop.tconstruct.seared":1,"stat.pickup.mob_grinding_utils.fan":11,"stat.craftItem.minecraft.oak_stairs":8,"stat.useItem.extrautils2.spike_stone":8,"stat.pickup.enderio.itemItemConduit":68,"stat.craftItem.extrautils2.compressedgravel":1171,"stat.mineBlock.enderio.blockConduitBundle":78,"stat.craftItem.ceramics.clay_bucket":6,"stat.pickup.minecraft.log":1851,"stat.craftItem.mob_grinding_utils.fan":12,"stat.pickup.minecraft.tallgrass":17,"stat.drop.refinedstorage.disk_drive":1,"stat.entityKilledBy.Enderman":1,"stat.craftItem.exnihiloadscensio.itemOreCopper":85,"stat.pickup.storagedrawers.compDrawers":1,"stat.craftItem.tconstruct.smeltery_controller":1,"stat.craftItem.enderio.itemItemConduit":64,"stat.pickup.tconstruct.broadsword":5,"stat.useItem.hatchery.nest":8,"stat.pickup.minecraft.diamond_helmet":1,"stat.craftItem.minecraft.cooked_chicken":9,"stat.drop.refinedstorage.exporter":64,"stat.drop.harvestcraft.toastItem":1,"stat.sneakTime":205512,"stat.mineBlock.hatchery.nest":2,"stat.craftItem.refinedstorage.exporter":1,"stat.useItem.excompressum.compressed_hammer_iron":1171,"stat.pickup.minecraft.chest":19,"stat.drop.botania.twigWand":1,"stat.useItem.mysticalagriculture.tier1_inferium_seeds":31,"stat.craftItem.lootbags.itemlootbag":1,"stat.craftItem.botania.petal":48,"stat.craftItem.tconstruct.faucet":5,"stat.mineBlock.botania.tinyPotato":1,"stat.craftItem.rftools.crafter1":3,"stat.craftItem.extrautils2.compressedcobblestone":1139,"stat.swimOneCm":135665,"stat.craftItem.integrateddynamics.dryingBasin":1,"stat.mineBlock.hatchery.nursery_block":1,"stat.useItem.minecraft.dirt":599,"achievement.exploreAllBiomes":{"value":0,"progress":["ForestHills","Forest","Extreme Hills","Hell"]},"achievement.botania:daybloomPickup":6,"stat.useItem.botania.fertilizer":94,"stat.pickup.roots.verdantSprig":1,"stat.useItem.hatchery.hatcheryegg":164,"stat.useItem.exnihiloadscensio.blockBarrel0":39,"stat.pickup.minecraft.clay":180,"stat.useItem.exnihiloadscensio.blockBarrel1":19,"stat.pickup.minecraft.glass_bottle":6,"stat.craftItem.minecraft.wooden_slab":3114,"stat.pickup.extrautils2.compressedgravel":3,"stat.useItem.tconstruct.broadsword":32,"stat.pickup.actuallyadditions.itemFood":44,"stat.pickup.minecraft.mutton":4,"stat.useItem.extrautils2.user":8,"stat.useItem.minecraft.lever":25,"stat.useItem.enderio.blockSagMill":3,"achievements.xu2.techtree.start":6,"stat.pickup.minecraft.redstone_lamp":4,"stat.pickup.exnihiloadscensio.hammerIron":7,"stat.useItem.enderio.blockStirlingGenerator":1,"stat.craftItem.botania.manaResource":3,"stat.pickup.enderio.itemLiquidConduit":27,"stat.useItem.botania.tinyPotato":2,"stat.useItem.minecraft.stone_slab":505,"stat.useItem.actuallyadditions.itemShovelObsidian":7,"stat.useItem.refinedstorage.importer":6,"stat.craftItem.minecraft.stone":497,"stat.useItem.tconstruct.casting":64,"stat.pickup.hatchery.nursery_block":1,"stat.mineBlock.minecraft.crafting_table":1,"stat.useItem.minecraft.carrot":17,"stat.pickup.excompressum.auto_compressed_hammer":2,"achievement.buildFurnace":16,"stat.craftItem.moarsigns.nugget":9,"stat.pickup.opencomputers.tool":1,"stat.craftItem.minecraft.clay":47,"stat.useItem.excompressum.auto_sieve":7,"stat.craftItem.exnihiloadscensio.hammerStone":23,"stat.mineBlock.exnihiloadscensio.blockInfestedLeaves":312,"stat.pickup.minecraft.gravel":12046,"stat.useItem.extrautils2.compressedcobblestone":1303,"stat.pickup.exnihiloadscensio.itemSeedSpruce":3,"stat.pickup.tconstruct.tool_rod":1,"stat.pickup.tconstruct.punji":7,"stat.pickup.extrautils2.user":8,"stat.pickup.tconstruct.hatchet":5,"stat.pickup.actuallyadditions.itemBootsObsidian":2,"stat.useItem.minecraft.wooden_hoe":18,"stat.craftItem.enderio.itemPowerConduit":40,"stat.craftItem.tconstruct.rack":8,"stat.mineBlock.refinedstorage.disk_drive":2,"stat.useItem.tconstruct.tooltables":6,"stat.useItem.actuallyadditions.itemRiceSeed":12,"stat.craftItem.minecraft.bread":31,"stat.pickup.minecraft.spider_eye":3,"stat.useItem.minecraft.cooked_chicken":4,"stat.useItem.chickens.henhouse":4,"stat.pickup.minecraft.leaves":4594,"stat.pickup.minecraft.leather":13,"stat.craftItem.exnihiloadscensio.crookWood":56,"stat.mineBlock.minecraft.mycelium":1,"stat.pickup.minecraft.reeds":117,"stat.pickup.exnihiloadscensio.itemOreIron":3090,"stat.pickup.tconstruct.materials":58,"stat.useItem.minecraft.magma":1,"stat.craftItem.minecraft.glass":189,"stat.pickup.exnihiloadscensio.itemSeedCarrot":1,"stat.craftItem.minecraft.cauldron":1,"stat.pickup.harvestcraft.whitemushroomseedItem":2,"stat.pickup.botania.dye":1,"stat.killEntity.Cow":11,"stat.pickup.harvestcraft.saltItem":1,"stat.mineBlock.excompressum.heavy_sieve":1,"stat.killEntity.Pig":1,"stat.craftItem.minecraft.iron_sword":3,"stat.walkOneCm":5998673,"stat.pickup.minecraft.clay_ball":343,"stat.craftItem.storagedrawers.compDrawers":7,"stat.craftItem.elevatorid.elevator_white":4,"stat.pickup.mysticalagriculture.inferium_essence":216,"stat.mineBlock.hatchery.pen":11,"stat.pickup.refinedstorage.disk_drive":2,"stat.useItem.betterbuilderswands.wandDiamond":47,"stat.useItem.exnihiloadscensio.blockSieve":5,"stat.pickup.minecraft.stone":72,"stat.craftItem.minecraft.hay_block":76,"stat.useItem.minecraft.leaves":5,"stat.pickup.minecraft.gold_ingot":1,"stat.killEntity.Skeleton":17,"stat.mineBlock.rftools.coalgenerator":2,"stat.mineBlock.botania.specialFlower":1,"stat.killEntity.Spider":5,"stat.craftItem.exnihiloadscensio.hammerDiamond":27,"stat.useItem.storagedrawers.customDrawers":4,"stat.pickup.exnihiloadscensio.blockDust":262,"stat.craftItem.simplegenerators.lava_generator":8,"stat.pickup.enderio.blockCapBank":1,"stat.pickup.storagedrawers.basicDrawers":19,"stat.pickup.minecraft.quartz":83,"stat.pickup.minecraft.water_bucket":2,"stat.mineBlock.mob_grinding_utils.fan":11,"stat.pickup.botania.pool":1,"stat.mineBlock.extrautils2.redstoneclock":7,"stat.useItem.tconstruct.punji":29,"stat.mineBlock.tconstruct.casting":59,"stat.craftItem.minecraft.coal_block":1,"achievement.botania:runePickup":1,"stat.mineBlock.minecraft.stone":2,"stat.useItem.tconstruct.smeltery_controller":1,"stat.useItem.excompressum.auto_compressed_hammer":3,"stat.useItem.darkutils.trap_move":24}