{"stat.useItem.minecraft.bow":23,"stat.pickup.actuallyadditions.itemDust":19,"stat.pickup.minecraft.wooden_slab":390,"stat.leaveGame":4,"stat.pickup.extrautils2.redorchid":1,"stat.mineBlock.cookingforblockheads.cowJar":2,"stat.pickup.tconstruct.edible":5,"stat.pickup.actuallyadditions.itemCrafterOnAStick":3,"stat.craftItem.excompressum.compressed_hammer_stone":2,"stat.useItem.enderio.blockEndermanSkull":1,"achievement.actuallyadditions.openBookletMilestone":{"value":0,"progress":["1"]},"stat.craftItem.chesttransporter.chesttransporter_obsidian":1,"stat.craftItem.cookingforblockheads.milkJar":1,"stat.pickup.simpleachievements.achievement_book":3,"stat.mineBlock.gravestone.gravestone":4,"stat.craftItem.exnihiloadscensio.itemOreGold":298,"stat.craftItem.extrautils2.endershard":8,"stat.pickup.minecraft.rotten_flesh":235,"stat.pickup.minecraft.bucket":3,"stat.killEntity.Enderman":6,"stat.mineBlock.minecraft.wooden_slab":249,"stat.pickup.roots.oldRoot":1,"stat.useItem.minecraft.anvil":2,"stat.pickup.minecraft.brown_mushroom":1,"achievement.buildPickaxe":4,"stat.craftItem.exnihiloadscensio.blockBarrel1":6,"stat.craftItem.exnihiloadscensio.blockBarrel0":15,"stat.craftItem.excompressum.bait":6,"stat.useItem.hatchery.pen":18,"stat.useItem.minecraft.iron_pickaxe":198,"stat.pickup.excompressum.heavy_sieve":1,"stat.pickup.exnihiloadscensio.itemSeedAcacia":2,"stat.craftItem.minecraft.glass_pane":16,"stat.mineBlock.excompressum.auto_hammer":8,"stat.craftItem.tp.iron_cobblegen_block":1,"stat.mineBlock.excompressum.auto_sieve":4,"stat.furnaceInteraction":135,"stat.craftItem.exnihiloadscensio.itemOreNickel":220,"stat.pickup.exnihiloadscensio.hammerDiamond":2,"stat.craftItem.exnihiloadscensio.itemMesh":7,"stat.drop.exnihiloadscensio.blockInfestedLeaves":1,"stat.craftItem.excompressum.compressed_crook":9,"stat.useItem.moreshears.diamondShears":2715,"stat.pickup.minecraft.hay_block":3,"stat.pickup.minecraft.leather_helmet":1,"stat.useItem.minecraft.fence":76,"stat.pickup.mysticalagriculture.tier1_inferium_seeds":8,"achievement.openInventory":877,"stat.craftItem.actuallyadditions.blockMisc":4,"stat.pickup.tconstruct.smeltery_io":3,"stat.mineBlock.minecraft.fence":22,"stat.pickup.tp.iron_cobblegen_block":2,"stat.pickup.exnihiloadscensio.itemSeedOak":3,"stat.useItem.minecraft.wheat_seeds":109,"stat.craftItem.minecraft.dropper":1,"stat.pickup.minecraft.emerald":14,"stat.useItem.minecraft.dye":340,"stat.pickup.actuallyadditions.itemHoeQuartz":1,"stat.deaths":4,"stat.useItem.tconstruct.smeltery_io":6,"stat.pickup.minecraft.egg":37,"stat.craftItem.minecraft.iron_pickaxe":1,"stat.craftItem.enderio.itemMaterial":262,"stat.useItem.enderio.itemPowerConduit":14,"stat.craftItem.immersiveengineering.metal":148,"stat.mineBlock.minecraft.tallgrass":32,"stat.pickup.tconstruct.seared":1,"stat.chestOpened":682,"stat.useItem.moarsigns.moar_sign":26,"stat.useItem.actuallyadditions.itemHoeQuartz":124,"stat.pickup.minecraft.arrow":96,"stat.pickup.extrautils2.compressedcobblestone":4,"stat.useItem.tp.cobblegen_block":3,"stat.craftItem.actuallyadditions.itemCrafterOnAStick":2,"stat.useItem.minecraft.clay":83,"stat.craftItem.minecraft.coal":154,"stat.pickup.exnihiloadscensio.itemOreNickel":643,"stat.pickup.tconstruct.cast_custom":8,"stat.pickup.minecraft.carrot":69,"stat.crouchOneCm":478549,"stat.mineBlock.minecraft.chest":4,"stat.craftItem.minecraft.iron_ingot":231,"stat.craftItem.enderio.itemBasicFilterUpgrade":8,"stat.craftItem.minecraft.hopper":8,"stat.craftingTableInteraction":22,"stat.craftItem.enderio.blockSagMill":1,"stat.mineBlock.exnihiloadscensio.blockBarrel1":13,"stat.mineBlock.exnihiloadscensio.blockBarrel0":14,"stat.pickup.extrautils2.spike_stone":4,"stat.mineBlock.chickens.henhouse":3,"stat.craftItem.tconstruct.pattern":22,"stat.pickup.exnihiloadscensio.itemMaterial":239,"stat.useItem.minecraft.reeds":9,"stat.mineBlock.tconstruct.smeltery_io":3,"stat.useItem.exnihiloadscensio.itemSeedOak":1,"stat.craftItem.tconstruct.seared_glass":24,"stat.pickup.minecraft.dye":747,"stat.pickup.minecraft.planks":105,"stat.pickup.tconstruct.binding":1,"stat.craftItem.exnihiloadscensio.hammerIron":37,"stat.useItem.exnihiloadscensio.hammerDiamond":20,"stat.pickup.minecraft.wheat_seeds":394,"stat.mineBlock.minecraft.dirt":51,"stat.pickup.minecraft.poisonous_potato":2,"stat.pickup.exnihiloadscensio.itemSeedPotato":2,"stat.craftItem.extrautils2.spike_stone":4,"stat.useItem.minecraft.cobblestone":683,"stat.craftItem.enderio.itemMachinePart":4,"stat.useItem.minecraft.gravel":551,"stat.pickup.hatchery.nest":2,"stat.pickup.tconstruct.pickaxe":2,"stat.drop.tconstruct.sword_blade":1,"stat.useItem.tconstruct.pickaxe":102,"stat.pickup.exnihiloadscensio.itemOreLead":627,"stat.craftItem.minecraft.gold_ingot":32,"stat.pickup.minecraft.chicken":5,"stat.pickup.minecraft.apple":131,"stat.craftItem.immersiveengineering.tool":1,"stat.pickup.minecraft.banner":1,"stat.craftItem.enderio.blockCapBank":1,"stat.craftItem.minecraft.bucket":1,"stat.craftItem.minecraft.planks":2172,"stat.mineBlock.minecraft.log":1019,"stat.breakItem.moreshears.diamondShears":3,"achievement.acquireIron":74,"stat.craftItem.minecraft.paper":36,"stat.pickup.minecraft.red_flower":2,"stat.pickup.minecraft.wool":15,"stat.craftItem.exnihiloadscensio.itemMaterial":140,"stat.craftItem.minecraft.cobblestone":89,"stat.craftItem.excompressum.auto_sieve":3,"stat.pickup.exnihiloadscensio.blockBarrel0":14,"stat.killEntity.headcrumbs.Human":36,"stat.pickup.exnihiloadscensio.blockBarrel1":13,"stat.useItem.enderio.itemLiquidConduit":16,"stat.drop.exnihiloadscensio.itemMesh":1,"stat.mineBlock.minecraft.cobblestone":393,"stat.pickup.minecraft.flint":116,"stat.useItem.enderio.blockCapBank":2,"stat.pickup.hatchery.animalnet":1,"achievement.buildWorkBench":5,"stat.useItem.exnihiloadscensio.crookWood":516,"stat.craftItem.chickens.henhouse":1,"stat.pickup.minecraft.bow":5,"stat.craftItem.minecraft.furnace":11,"stat.useItem.minecraft.egg":33,"stat.pickup.tp.cobblegen_block":3,"stat.craftItem.minecraft.bow":2,"stat.mineBlock.minecraft.clay":83,"stat.useItem.actuallyadditions.blockGiantChest":5,"stat.flyOneCm":148585,"stat.useItem.extrautils2.compressedgravel":67,"stat.pickup.excompressum.auto_hammer":8,"stat.useItem.excompressum.auto_hammer":11,"stat.timeSinceDeath":15586,"stat.useItem.minecraft.wooden_slab":1936,"stat.craftItem.minecraft.iron_block":2,"stat.killEntity.Bat":2,"stat.pickup.hatchery.chickenmanure":74,"stat.mineBlock.excompressum.bait":5,"stat.craftItem.minecraft.stonebrick":16,"stat.pickup.exnihiloadscensio.itemOreGold":846,"stat.useItem.minecraft.potato":16,"stat.mineBlock.enderio.blockCapBank":1,"stat.craftItem.tconstruct.seared":98,"stat.killEntity.Creeper":24,"stat.useItem.simplegenerators.lava_generator":4,"stat.pickup.minecraft.string":49,"stat.pickup.extrautils2.glasscutter":1,"stat.useItem.minecraft.milk_bucket":5,"achievement.buildSword":7,"stat.useItem.minecraft.written_book":1,"stat.craftItem.tconstruct.tooltables":5,"stat.craftItem.excompressum.heavy_sieve":1,"stat.breakItem.excompressum.compressed_hammer_stone":2,"stat.sprintOneCm":720709,"stat.mineBlock.minecraft.stone_slab":41,"stat.useItem.minecraft.hay_block":1,"stat.pickup.actuallyadditions.itemShovelObsidian":1,"stat.craftItem.mysticalagriculture.tier1_inferium_seeds":7,"stat.pickup.minecraft.leather_leggings":1,"stat.useItem.ceramics.clay_bucket":41,"achievement.killEnemy":119,"stat.useItem.tconstruct.seared_tank":1,"stat.pickup.enderio.itemBasicFilterUpgrade":1,"stat.useItem.minecraft.banner":1,"stat.killEntity.Zombie":36,"stat.craftItem.minecraft.dye":504,"stat.pickup.minecraft.snowball":2,"stat.pickup.enderio.blockEndermanSkull":1,"stat.diveOneCm":143205,"stat.pickup.minecraft.wheat":446,"stat.pickup.tconstruct.tooltables":1,"stat.pickup.exnihiloadscensio.itemSeedJungle":6,"stat.mineBlock.tp.iron_cobblegen_block":2,"achievement.buildHoe":2,"stat.useItem.excompressum.bait":9,"stat.pickup.minecraft.obsidian":2,"stat.useItem.harvestcraft.toastItem":10,"stat.pickup.exnihiloadscensio.itemPebble":214,"achievement.simplegenerators.craft_lava_gen":4,"stat.useItem.minecraft.rotten_flesh":1,"stat.jump":3076,"stat.useItem.minecraft.sand":201,"stat.pickup.minecraft.coal":1370,"stat.pickup.enderio.blockAlloySmelter":5,"stat.pickup.minecraft.iron_ingot":3,"stat.craftItem.minecraft.lever":1,"stat.useItem.exnihiloadscensio.itemSeedSugarcane":4,"stat.pickup.minecraft.gunpowder":100,"stat.craftItem.actuallyadditions.blockGiantChest":4,"stat.craftItem.minecraft.torch":76,"stat.craftItem.exnihiloadscensio.itemOreLead":215,"stat.useItem.cookingforblockheads.cowJar":2,"stat.pickup.minecraft.dirt":514,"achievement.makeBread":62,"stat.pickup.exnihiloadscensio.itemSeedSugarcane":6,"stat.useItem.minecraft.sapling":149,"stat.damageTaken":3568,"stat.mineBlock.minecraft.torch":28,"stat.pickup.minecraft.written_book":3,"stat.mineBlock.minecraft.melon_block":10,"stat.mineBlock.minecraft.red_flower":2,"stat.pickup.immersiveengineering.metal":1,"stat.mineBlock.minecraft.sapling":2,"stat.craftItem.hatchery.animalnet":1,"stat.pickup.tconstruct.ingots":1,"stat.pickup.minecraft.potato":53,"stat.mineBlock.minecraft.fence_gate":1,"stat.useItem.exnihiloadscensio.hammerIron":511,"stat.craftItem.enderio.blockFusedQuartz":64,"stat.craftItem.simpleachievements.achievement_book":1,"stat.pickup.enderio.blockSagMill":2,"stat.craftItem.exnihiloadscensio.blockSieve":4,"stat.pickup.environmentaltech.digital_guide":1,"stat.craftItem.extrautils2.wateringcan":1,"stat.useItem.hatchery.chickenmanure":30,"stat.craftItem.exnihiloadscensio.itemOreAluminium":36,"stat.craftItem.minecraft.stone_slab":174,"stat.craftItem.hatchery.nursery_block":1,"stat.pickup.hatchery.hatcheryegg":1,"stat.animalsBred":9,"stat.useItem.minecraft.chest":35,"stat.craftItem.tconstruct.smeltery_io":3,"stat.drop.minecraft.wheat":10,"stat.mineBlock.exnihiloadscensio.blockSieve":4,"stat.useItem.minecraft.lava_bucket":7,"stat.craftItem.enderio.itemAlloy":12,"stat.pickup.harvestcraft.donutItem":1,"stat.craftItem.rftools.coalgenerator":1,"stat.useItem.tconstruct.faucet":5,"stat.pickup.exnihiloadscensio.blockSieve":4,"stat.pickup.minecraft.ender_pearl":7,"stat.craftItem.enderio.itemLiquidConduit":40,"stat.useItem.hatchery.fertilized_dirt":1,"stat.mobKills":146,"stat.pickup.cookingforblockheads.spiceRack":1,"stat.pickup.minecraft.diamond":82,"stat.pickup.minecraft.torch":70,"stat.pickup.rftools.coalgenerator":2,"stat.mineBlock.tp.cobblegen_block":3,"stat.breakItem.exnihiloadscensio.crookWood":4,"stat.craftItem.harvestcraft.mayoItem":3,"stat.pickup.tconstruct.book":2,"stat.breakItem.chesttransporter.chesttransporter":1,"stat.craftItem.enderio.blockStirlingGenerator":1,"stat.pickup.enderio.itemPowerConduit":6,"stat.drop.actuallyadditions.itemCrafterOnAStick":2,"stat.mineBlock.extrautils2.compressedcobblestone":1013,"stat.useItem.minecraft.planks":162,"stat.useItem.rftools.coalgenerator":2,"stat.pickup.harvestcraft.toastItem":22,"stat.pickup.minecraft.glowstone_dust":12,"stat.pickup.minecraft.porkchop":1,"stat.pickup.minecraft.blaze_powder":13,"stat.craftItem.hatchery.nest":11,"stat.useItem.minecraft.water_bucket":130,"stat.useItem.exnihiloadscensio.blockInfestedLeaves":1,"stat.pickup.minecraft.sand":1150,"stat.pickup.chickens.henhouse":3,"stat.craftItem.exnihiloadscensio.blockCrucible":40,"achievement.diamonds":82,"stat.craftItem.moreshears.diamondShears":4,"stat.craftItem.tconstruct.casting":11,"stat.useItem.exnihiloadscensio.blockCrucible":40,"stat.useItem.exnihiloadscensio.itemSeedBirch":1,"stat.useItem.hatchery.nursery_block":3,"stat.craftItem.minecraft.stone_sword":3,"stat.mineBlock.minecraft.sand":201,"stat.craftItem.harvestcraft.toastItem":31,"stat.craftItem.minecraft.wooden_hoe":1,"achievement.buildBetterPickaxe":3,"stat.pickup.actuallyadditions.itemBooklet":2,"stat.useItem.minecraft.fence_gate":3,"stat.mineBlock.enderio.blockAlloySmelter":5,"stat.breakItem.excompressum.compressed_hammer_iron":3,"stat.useItem.minecraft.spawn_egg":1,"stat.useItem.exnihiloadscensio.itemSeedCarrot":1,"stat.useItem.excompressum.heavy_sieve":2,"stat.useItem.minecraft.oak_stairs":18,"stat.useItem.harvestcraft.applejuiceItem":1,"stat.craftItem.exnihiloadscensio.itemOreIron":543,"stat.pickup.moreshears.diamondShears":1,"stat.pickup.minecraft.fence_gate":1,"stat.craftItem.exnihiloadscensio.itemOreSilver":30,"stat.pickup.hatchery.pen":13,"stat.pickup.minecraft.furnace":13,"stat.craftItem.minecraft.ender_pearl":1,"achievement.mineWood":992,"stat.breakItem.exnihiloadscensio.hammerStone":3,"stat.pickup.minecraft.skull":3,"stat.useItem.minecraft.stone_stairs":19,"stat.craftItem.excompressum.compressed_hammer_iron":4,"stat.craftItem.chickens.colored_egg":1,"stat.useItem.tconstruct.seared_glass":24,"stat.pickup.minecraft.stone_stairs":1,"stat.craftItem.minecraft.fence_gate":2,"stat.craftItem.moarsigns.moar_sign":24,"stat.craftItem.minecraft.heavy_weighted_pressure_plate":6,"stat.mineBlock.exnihiloadscensio.blockCrucible":24,"stat.mineBlock.minecraft.oak_stairs":18,"stat.useItem.hatchery.animalnet":19,"stat.playOneMinute":1495805,"stat.useItem.exnihiloadscensio.hammerStone":490,"stat.useItem.tp.iron_cobblegen_block":3,"stat.useItem.cookingforblockheads.milkJar":1,"stat.pickup.minecraft.iron_bars":8,"stat.pickup.exnihiloadscensio.itemMesh":9,"achievement.actuallyadditions.openBooklet":1,"stat.pickup.tconstruct.casting":24,"stat.craftItem.tp.cobblegen_block":1,"stat.pickup.cookingforblockheads.cowJar":2,"stat.pickup.moarsigns.moar_sign":16,"stat.pickup.exnihiloadscensio.itemSeedBirch":4,"stat.drop.minecraft.flint":4,"stat.breakItem.excompressum.compressed_crook":7,"stat.pickup.exnihiloadscensio.blockCrucible":21,"stat.pickup.simplecorn.kernels":1,"stat.fallOneCm":46268,"stat.pickup.excompressum.compressed_crook":1,"stat.pickup.minecraft.melon_seeds":3,"stat.mineBlock.enderio.blockStirlingGenerator":1,"stat.craftItem.minecraft.chest":35,"stat.pickup.minecraft.red_mushroom":1,"stat.entityKilledBy.headcrumbs.Human":1,"stat.pickup.minecraft.melon":49,"stat.craftItem.hatchery.fertilized_dirt":1,"stat.pickup.minecraft.feather":12,"stat.useItem.minecraft.furnace":14,"stat.pickup.exnihiloadscensio.itemSeedDarkOak":5,"stat.craftItem.tconstruct.materials":544,"stat.useItem.excompressum.compressed_crook":4188,"stat.craftItem.extrautils2.ingredients":1,"stat.mineBlock.minecraft.gravel":537,"stat.craftItem.tconstruct.seared_tank":1,"stat.craftItem.minecraft.oak_stairs":8,"stat.craftItem.rftools.machine_frame":5,"stat.useItem.extrautils2.spike_stone":8,"stat.pickup.enderio.itemItemConduit":23,"stat.useItem.minecraft.torch":109,"stat.craftItem.minecraft.redstone_block":6,"stat.craftItem.minecraft.stone_stairs":20,"stat.useItem.minecraft.log":73,"stat.pickup.minecraft.crafting_table":1,"stat.craftItem.minecraft.crafting_table":4,"stat.craftItem.extrautils2.compressedgravel":881,"stat.mineBlock.enderio.blockConduitBundle":35,"stat.craftItem.ceramics.clay_bucket":6,"stat.pickup.excompressum.bait":5,"stat.pickup.minecraft.log":1085,"stat.pickup.exnihiloadscensio.blockInfestedLeaves":22,"stat.pickup.minecraft.sapling":1132,"stat.pickup.exnihiloadscensio.itemOreCopper":213,"stat.entityKilledBy.Enderman":1,"stat.craftItem.exnihiloadscensio.itemOreCopper":53,"stat.craftItem.tconstruct.smeltery_controller":1,"stat.craftItem.enderio.itemItemConduit":32,"stat.pickup.tconstruct.broadsword":4,"stat.useItem.hatchery.nest":4,"stat.useItem.enderio.itemItemConduit":46,"stat.craftItem.enderio.blockAlloySmelter":1,"stat.pickup.actuallyadditions.blockGiantChest":1,"ftbl.stat.first_joined":{"value":0,"progress":1534615349291},"stat.craftItem.hatchery.pen":8,"stat.drop.tconstruct.hatchet":1,"stat.sneakTime":144792,"stat.drop.minecraft.bucket":1,"stat.mineBlock.extrautils2.compressedgravel":67,"stat.mineBlock.hatchery.nest":2,"stat.pickup.minecraft.stone_slab":42,"stat.useItem.excompressum.compressed_hammer_iron":817,"stat.pickup.minecraft.chest":6,"stat.useItem.mysticalagriculture.tier1_inferium_seeds":15,"stat.pickup.minecraft.bone":212,"stat.craftItem.ceramics.unfired_clay":6,"stat.mineBlock.extrautils2.spike_stone":4,"stat.drop.minecraft.red_mushroom":1,"stat.craftItem.tconstruct.faucet":5,"stat.mineBlock.enderio.blockSagMill":2,"stat.craftItem.extrautils2.glasscutter":1,"stat.craftItem.extrautils2.compressedcobblestone":1011,"stat.swimOneCm":119707,"stat.mineBlock.hatchery.nursery_block":1,"stat.pickup.lootbags.itemlootbag":26,"stat.pickup.excompressum.auto_sieve":4,"stat.useItem.minecraft.dirt":436,"achievement.exploreAllBiomes":{"value":0,"progress":["ForestHills","Forest"]},"stat.pickup.roots.verdantSprig":1,"stat.pickup.minecraft.anvil":2,"stat.useItem.actuallyadditions.itemPickaxeQuartz":5,"stat.pickup.minecraft.cobblestone":220,"stat.useItem.hatchery.hatcheryegg":4,"stat.useItem.exnihiloadscensio.blockBarrel0":29,"stat.pickup.minecraft.clay":147,"stat.pickup.minecraft.soul_sand":2,"stat.useItem.exnihiloadscensio.blockBarrel1":19,"stat.pickup.minecraft.glass_bottle":2,"stat.craftItem.minecraft.wooden_slab":1842,"stat.pickup.extrautils2.compressedgravel":3,"stat.pickup.minecraft.redstone":6,"stat.useItem.tconstruct.broadsword":17,"stat.pickup.integrateddynamics.on_the_dynamics_of_integration":2,"stat.useItem.extrautils2.user":3,"stat.useItem.enderio.blockSagMill":3,"achievements.xu2.techtree.start":4,"stat.useItem.minecraft.cooked_porkchop":1,"stat.pickup.exnihiloadscensio.hammerIron":1,"stat.useItem.enderio.blockStirlingGenerator":1,"stat.craftItem.tconstruct.soil":768,"stat.pickup.exnihiloadscensio.itemOreSilver":121,"stat.pickup.enderio.itemLiquidConduit":23,"stat.craftItem.minecraft.stick":444,"stat.useItem.minecraft.stone_slab":131,"stat.craftItem.minecraft.stone":59,"stat.craftItem.minecraft.gold_nugget":36,"stat.useItem.tconstruct.casting":30,"stat.pickup.hatchery.nursery_block":1,"stat.mineBlock.minecraft.crafting_table":1,"stat.drop.minecraft.leaves":1,"stat.useItem.minecraft.carrot":17,"stat.useItem.excompressum.compressed_hammer_stone":264,"achievement.buildFurnace":16,"stat.mineBlock.minecraft.planks":55,"stat.drop":14,"stat.useItem.tconstruct.seared":88,"stat.craftItem.moarsigns.nugget":9,"stat.useItem.minecraft.melon_seeds":3,"stat.pickup.opencomputers.tool":1,"stat.craftItem.minecraft.clay":32,"stat.pickup.enderio.itemMaterial":6,"stat.craftItem.minecraft.piston":3,"stat.useItem.exnihiloadscensio.itemMaterial":8,"stat.useItem.excompressum.auto_sieve":7,"stat.craftItem.exnihiloadscensio.hammerStone":23,"stat.mineBlock.exnihiloadscensio.blockInfestedLeaves":78,"stat.pickup.minecraft.gravel":9436,"stat.useItem.extrautils2.compressedcobblestone":1013,"stat.pickup.exnihiloadscensio.itemSeedSpruce":3,"stat.mineBlock.minecraft.anvil":1,"stat.useItem.minecraft.apple":86,"stat.useItem.minecraft.porkchop":1,"stat.pickup.extrautils2.user":3,"stat.pickup.tconstruct.hatchet":3,"stat.pickup.minecraft.fence":33,"stat.useItem.minecraft.wooden_hoe":16,"stat.craftItem.enderio.itemPowerConduit":16,"stat.useItem.tconstruct.tooltables":6,"stat.craftItem.minecraft.bread":31,"stat.pickup.exnihiloadscensio.itemOreAluminium":166,"stat.useItem.chickens.henhouse":4,"stat.craftItem.excompressum.auto_hammer":3,"stat.mineBlock.tconstruct.tooltables":1,"stat.pickup.minecraft.leaves":2631,"stat.pickup.exnihiloadscensio.hammerStone":2,"stat.mineBlock.minecraft.stone_stairs":1,"stat.craftItem.minecraft.iron_bars":16,"stat.craftItem.exnihiloadscensio.crookWood":40,"stat.mineBlock.minecraft.furnace":13,"stat.mineBlock.minecraft.mycelium":1,"stat.pickup.minecraft.prismarine_shard":2,"stat.mineBlock.extrautils2.user":3,"stat.pickup.minecraft.reeds":61,"stat.pickup.exnihiloadscensio.itemOreIron":1631,"stat.pickup.tconstruct.materials":56,"stat.pickup.minecraft.oak_stairs":15,"stat.craftItem.extrautils2.user":1,"stat.damageDealt":19453,"stat.craftItem.minecraft.glass":113,"stat.pickup.exnihiloadscensio.itemSeedCarrot":1,"stat.craftItem.minecraft.cauldron":1,"stat.pickup.extrautils2.wateringcan":2,"stat.craftItem.minecraft.bowl":4,"stat.craftItem.minecraft.anvil":1,"stat.pickup.harvestcraft.whitemushroomseedItem":2,"stat.useItem.minecraft.crafting_table":1,"stat.pickup.harvestcraft.saltItem":1,"stat.mineBlock.excompressum.heavy_sieve":1,"stat.killEntity.Pig":1,"stat.craftItem.enderio.itemBasicCapacitor":6,"stat.walkOneCm":3022033,"stat.pickup.ceramics.clay_bucket":2,"stat.pickup.minecraft.stick":12,"stat.pickup.minecraft.clay_ball":343,"stat.pickup.immersiveengineering.storage":4,"ftbl.stat.last_seen":{"value":0,"progress":1534777757729},"stat.pickup.mysticalagriculture.inferium_essence":89,"stat.mineBlock.hatchery.pen":10,"stat.useItem.exnihiloadscensio.blockSieve":5,"stat.craftItem.minecraft.hay_block":34,"stat.useItem.minecraft.leaves":5,"stat.killEntity.Skeleton":17,"stat.craftItem.harvestcraft.applejuiceItem":1,"stat.mineBlock.rftools.coalgenerator":2,"stat.killEntity.Chicken":1,"stat.killEntity.Spider":1,"stat.craftItem.exnihiloadscensio.hammerDiamond":9,"stat.pickup.exnihiloadscensio.blockDust":200,"stat.craftItem.simplegenerators.lava_generator":4,"stat.pickup.enderio.blockCapBank":1,"stat.craftItem.minecraft.fence":72,"stat.pickup.enderio.blockStirlingGenerator":1,"stat.pickup.minecraft.water_bucket":1,"stat.mineBlock.minecraft.leaves":10348,"stat.mineBlock.tconstruct.casting":25,"stat.useItem.enderio.blockAlloySmelter":6,"stat.mineBlock.minecraft.hay_block":1,"stat.useItem.tconstruct.smeltery_controller":1,"stat.useItem.tconstruct.hatchet":1368}