<galaxy>
	<star name="Sol" temp="100" x="0" y="0" size="1.0" numPlanets="0" numGasGiants="0">
		<planet name="Earth" DIMID="0" dimMapping="">
			<isKnown>true</isKnown>
			<fogColor>1.0,1.0,1.0</fogColor>
			<skyColor>1.0,1.0,1.0</skyColor>
			<gravitationalMultiplier>100</gravitationalMultiplier>
			<orbitalDistance>100</orbitalDistance>
			<orbitalPhi>0</orbitalPhi>
			<rotationalPeriod>24000</rotationalPeriod>
			<atmosphereDensity>100</atmosphereDensity>
			<planet name="Luna" DIMID="3">
				<isKnown>false</isKnown>
				<fogColor>1.0,1.0,1.0</fogColor>
				<skyColor>1.0,1.0,1.0</skyColor>
				<gravitationalMultiplier>16</gravitationalMultiplier>
				<orbitalDistance>150</orbitalDistance>
				<orbitalPhi>0</orbitalPhi>
				<rotationalPeriod>128000</rotationalPeriod>
				<atmosphereDensity>0</atmosphereDensity>
				<biomeIds>advancedrocketry:moon,advancedrocketry:moondark</biomeIds>
			</planet>
		</planet>
		<planet name="Sol-17" DIMID="17">
			<isKnown>false</isKnown>
			<fogColor>1.0,1.0,1.0</fogColor>
			<skyColor>0.8,0.57862175,0.50714016</skyColor>
			<gravitationalMultiplier>130</gravitationalMultiplier>
			<orbitalDistance>172</orbitalDistance>
			<orbitalPhi>-4</orbitalPhi>
			<rotationalPeriod>10923</rotationalPeriod>
			<atmosphereDensity>185</atmosphereDensity>
			<biomeIds>advancedrocketry:crystalchasms</biomeIds>
			<planet name="Sol-17: 0" DIMID="18">
				<isKnown>false</isKnown>
				<fogColor>1.0,1.0,1.0</fogColor>
				<skyColor>0.34796464,0.6222503,1.0</skyColor>
				<gravitationalMultiplier>60</gravitationalMultiplier>
				<orbitalDistance>138</orbitalDistance>
				<orbitalPhi>-9</orbitalPhi>
				<rotationalPeriod>111111</rotationalPeriod>
				<atmosphereDensity>35</atmosphereDensity>
				<biomeIds>minecraft:mutated_plains,minecraft:birch_forest,minecraft:mutated_roofed_forest,minecraft:mutated_extreme_hills_with_trees,minecraft:mutated_jungle</biomeIds>
			</planet>
			<planet name="Sol-17: 1" DIMID="19">
				<isKnown>false</isKnown>
				<fogColor>1.0,1.0,1.0</fogColor>
				<skyColor>0.03897357,0.94604635,1.0</skyColor>
				<gravitationalMultiplier>75</gravitationalMultiplier>
				<orbitalDistance>185</orbitalDistance>
				<orbitalPhi>-2</orbitalPhi>
				<rotationalPeriod>56888</rotationalPeriod>
				<atmosphereDensity>37</atmosphereDensity>
				<biomeIds>minecraft:birch_forest_hills,minecraft:mutated_desert,minecraft:stone_beach,minecraft:swampland,minecraft:mutated_extreme_hills</biomeIds>
			</planet>
			<planet name="Sol-17: 2" DIMID="20">
				<isKnown>false</isKnown>
				<fogColor>1.0,1.0,1.0</fogColor>
				<skyColor>0.16219014,0.8460338,1.0</skyColor>
				<gravitationalMultiplier>72</gravitationalMultiplier>
				<orbitalDistance>156</orbitalDistance>
				<orbitalPhi>0</orbitalPhi>
				<rotationalPeriod>64300</rotationalPeriod>
				<atmosphereDensity>35</atmosphereDensity>
				<biomeIds>minecraft:forest_hills,minecraft:mesa_rock,minecraft:jungle_hills,minecraft:mesa,evilcraft:biome_degraded</biomeIds>
			</planet>
			<oceanBlock>minecraft:lava</oceanBlock>
		</planet>
		<planet name="Sol-4" DIMID="4">
			<isKnown>false</isKnown>
			<GasGiant>true</GasGiant>
			<gas>nitrogen</gas>
			<gas>hydrogen</gas>
			<gas>oxygen</gas>
			<fogColor>1.0,1.0,1.0</fogColor>
			<skyColor>1.0,1.0,1.0</skyColor>
			<gravitationalMultiplier>92</gravitationalMultiplier>
			<orbitalDistance>200</orbitalDistance>
			<orbitalPhi>0</orbitalPhi>
			<rotationalPeriod>24000</rotationalPeriod>
			<atmosphereDensity>172</atmosphereDensity>
		</planet>
		<planet name="Sol-5" DIMID="5">
			<isKnown>false</isKnown>
			<fogColor>1.0,1.0,1.0</fogColor>
			<skyColor>0.8,0.82369184,0.0</skyColor>
			<gravitationalMultiplier>88</gravitationalMultiplier>
			<orbitalDistance>73</orbitalDistance>
			<orbitalPhi>4</orbitalPhi>
			<rotationalPeriod>35217</rotationalPeriod>
			<atmosphereDensity>163</atmosphereDensity>
			<biomeIds>advancedrocketry:hotdryrock</biomeIds>
			<oceanBlock>minecraft:lava</oceanBlock>
		</planet>
		<planet name="Sol-21" DIMID="21">
			<isKnown>false</isKnown>
			<fogColor>1.0,1.0,1.0</fogColor>
			<skyColor>0.8,0.7265045,0.96571416</skyColor>
			<gravitationalMultiplier>102</gravitationalMultiplier>
			<orbitalDistance>91</orbitalDistance>
			<orbitalPhi>0</orbitalPhi>
			<rotationalPeriod>22615</rotationalPeriod>
			<atmosphereDensity>61</atmosphereDensity>
			<biomeIds>minecraft:mutated_redwood_taiga_hills,minecraft:mutated_plains,minecraft:taiga_cold_hills,minecraft:mutated_ice_flats,minecraft:birch_forest_hills</biomeIds>
			<planet name="Sol-21: 0" DIMID="22">
				<isKnown>false</isKnown>
				<fogColor>1.0,1.0,1.0</fogColor>
				<skyColor>0.0,0.59161645,1.0</skyColor>
				<gravitationalMultiplier>45</gravitationalMultiplier>
				<orbitalDistance>176</orbitalDistance>
				<orbitalPhi>-1</orbitalPhi>
				<rotationalPeriod>263374</rotationalPeriod>
				<atmosphereDensity>26</atmosphereDensity>
				<biomeIds>minecraft:mutated_swampland,minecraft:mutated_redwood_taiga_hills,minecraft:mesa,minecraft:roofed_forest,minecraft:mutated_savanna_rock</biomeIds>
			</planet>
			<planet name="Sol-21: 1" DIMID="23">
				<isKnown>false</isKnown>
				<fogColor>1.0,1.0,1.0</fogColor>
				<skyColor>0.08610183,0.99394315,1.0</skyColor>
				<gravitationalMultiplier>70</gravitationalMultiplier>
				<orbitalDistance>172</orbitalDistance>
				<orbitalPhi>6</orbitalPhi>
				<rotationalPeriod>69970</rotationalPeriod>
				<atmosphereDensity>33</atmosphereDensity>
				<biomeIds>minecraft:jungle_edge,minecraft:forest,advancedrocketry:marsh,minecraft:mutated_extreme_hills,minecraft:beaches</biomeIds>
			</planet>
			<planet name="Sol-21: 2" DIMID="24">
				<isKnown>false</isKnown>
				<fogColor>1.0,1.0,1.0</fogColor>
				<skyColor>0.0,0.9030936,1.0</skyColor>
				<gravitationalMultiplier>40</gravitationalMultiplier>
				<orbitalDistance>170</orbitalDistance>
				<orbitalPhi>-2</orbitalPhi>
				<rotationalPeriod>375000</rotationalPeriod>
				<atmosphereDensity>15</atmosphereDensity>
				<seaLevel>62</seaLevel>
				<biomeIds>advancedrocketry:moon,advancedrocketry:moondark</biomeIds>
			</planet>
		</planet>
		<planet name="Sol-6" DIMID="6">
			<isKnown>false</isKnown>
			<fogColor>1.0,1.0,1.0</fogColor>
			<skyColor>0.8,0.7252141,0.46776032</skyColor>
			<gravitationalMultiplier>130</gravitationalMultiplier>
			<orbitalDistance>93</orbitalDistance>
			<orbitalPhi>0</orbitalPhi>
			<rotationalPeriod>10923</rotationalPeriod>
			<atmosphereDensity>118</atmosphereDensity>
			<biomeIds>minecraft:mushroom_island</biomeIds>
			<oceanBlock>minecraft:lava</oceanBlock>
		</planet>
		<planet name="Sol-7" DIMID="7">
			<isKnown>false</isKnown>
			<fogColor>1.0,1.0,1.0</fogColor>
			<skyColor>0.0,0.9043232,1.0</skyColor>
			<gravitationalMultiplier>128</gravitationalMultiplier>
			<orbitalDistance>200</orbitalDistance>
			<orbitalPhi>-5</orbitalPhi>
			<rotationalPeriod>11444</rotationalPeriod>
			<atmosphereDensity>21</atmosphereDensity>
			<biomeIds>advancedrocketry:moon,advancedrocketry:moondark</biomeIds>
			<planet name="Sol-7: 0" DIMID="8">
				<isKnown>false</isKnown>
				<fogColor>1.0,1.0,1.0</fogColor>
				<skyColor>0.0,0.8485045,1.0</skyColor>
				<gravitationalMultiplier>69</gravitationalMultiplier>
				<orbitalDistance>179</orbitalDistance>
				<orbitalPhi>0</orbitalPhi>
				<rotationalPeriod>73057</rotationalPeriod>
				<atmosphereDensity>15</atmosphereDensity>
				<biomeIds>advancedrocketry:moon,advancedrocketry:moondark</biomeIds>
			</planet>
			<planet name="Sol-7: 1" DIMID="9">
				<isKnown>false</isKnown>
				<fogColor>1.0,1.0,1.0</fogColor>
				<skyColor>0.31496078,0.7284322,1.0</skyColor>
				<gravitationalMultiplier>79</gravitationalMultiplier>
				<orbitalDistance>136</orbitalDistance>
				<orbitalPhi>-3</orbitalPhi>
				<rotationalPeriod>48677</rotationalPeriod>
				<atmosphereDensity>30</atmosphereDensity>
				<biomeIds>minecraft:mutated_extreme_hills,advancedrocketry:oceanspires,minecraft:birch_forest_hills,minecraft:mutated_desert,minecraft:plains</biomeIds>
			</planet>
		</planet>
		<planet name="Sol-25" DIMID="25">
			<isKnown>false</isKnown>
			<fogColor>1.0,1.0,1.0</fogColor>
			<skyColor>0.8,0.95889175,0.893409</skyColor>
			<gravitationalMultiplier>99</gravitationalMultiplier>
			<orbitalDistance>11</orbitalDistance>
			<orbitalPhi>3</orbitalPhi>
			<rotationalPeriod>24734</rotationalPeriod>
			<atmosphereDensity>0</atmosphereDensity>
			<biomeIds>advancedrocketry:moon,advancedrocketry:moondark</biomeIds>
		</planet>
		<planet name="Sol-10" DIMID="10">
			<isKnown>false</isKnown>
			<fogColor>1.0,1.0,1.0</fogColor>
			<skyColor>0.8,0.8068807,0.0</skyColor>
			<gravitationalMultiplier>130</gravitationalMultiplier>
			<orbitalDistance>72</orbitalDistance>
			<orbitalPhi>2</orbitalPhi>
			<rotationalPeriod>10923</rotationalPeriod>
			<atmosphereDensity>187</atmosphereDensity>
			<biomeIds>advancedrocketry:hotdryrock</biomeIds>
			<planet name="Sol-10: 0" DIMID="11">
				<isKnown>false</isKnown>
				<fogColor>1.0,1.0,1.0</fogColor>
				<skyColor>0.21563327,0.97957087,1.0</skyColor>
				<gravitationalMultiplier>75</gravitationalMultiplier>
				<orbitalDistance>140</orbitalDistance>
				<orbitalPhi>-1</orbitalPhi>
				<rotationalPeriod>56888</rotationalPeriod>
				<atmosphereDensity>19</atmosphereDensity>
				<biomeIds>advancedrocketry:moon,advancedrocketry:moondark</biomeIds>
			</planet>
			<oceanBlock>minecraft:lava</oceanBlock>
		</planet>
		<planet name="Sol-12" DIMID="12">
			<isKnown>false</isKnown>
			<fogColor>1.0,1.0,1.0</fogColor>
			<skyColor>0.8,0.69693244,0.5590253</skyColor>
			<gravitationalMultiplier>112</gravitationalMultiplier>
			<orbitalDistance>51</orbitalDistance>
			<orbitalPhi>4</orbitalPhi>
			<rotationalPeriod>17082</rotationalPeriod>
			<atmosphereDensity>74</atmosphereDensity>
			<biomeIds>minecraft:savanna_rock,minecraft:mutated_savanna_rock,advancedrocketry:marsh,minecraft:forest_hills,minecraft:mutated_extreme_hills_with_trees</biomeIds>
			<oceanBlock>minecraft:lava</oceanBlock>
		</planet>
		<planet name="Sol-13" DIMID="13">
			<isKnown>false</isKnown>
			<fogColor>1.0,1.0,1.0</fogColor>
			<skyColor>0.0,0.8719729,1.0</skyColor>
			<gravitationalMultiplier>127</gravitationalMultiplier>
			<orbitalDistance>163</orbitalDistance>
			<orbitalPhi>-3</orbitalPhi>
			<rotationalPeriod>11716</rotationalPeriod>
			<atmosphereDensity>6</atmosphereDensity>
			<biomeIds>advancedrocketry:moon,advancedrocketry:moondark</biomeIds>
			<planet name="Sol-13: 2" DIMID="16">
				<isKnown>false</isKnown>
				<fogColor>1.0,1.0,1.0</fogColor>
				<skyColor>0.23848689,0.92526907,1.0</skyColor>
				<gravitationalMultiplier>40</gravitationalMultiplier>
				<orbitalDistance>127</orbitalDistance>
				<orbitalPhi>0</orbitalPhi>
				<rotationalPeriod>375000</rotationalPeriod>
				<atmosphereDensity>17</atmosphereDensity>
				<biomeIds>advancedrocketry:moon,advancedrocketry:moondark</biomeIds>
			</planet>
			<planet name="Sol-13: 0" DIMID="14">
				<isKnown>false</isKnown>
				<fogColor>1.0,1.0,1.0</fogColor>
				<skyColor>0.0,0.66104436,1.0</skyColor>
				<gravitationalMultiplier>40</gravitationalMultiplier>
				<orbitalDistance>182</orbitalDistance>
				<orbitalPhi>0</orbitalPhi>
				<rotationalPeriod>375000</rotationalPeriod>
				<atmosphereDensity>27</atmosphereDensity>
				<biomeIds>minecraft:jungle_edge,minecraft:birch_forest,minecraft:desert,minecraft:plains,minecraft:mutated_jungle</biomeIds>
			</planet>
			<planet name="Sol-13: 1" DIMID="15">
				<isKnown>false</isKnown>
				<fogColor>1.0,1.0,1.0</fogColor>
				<skyColor>0.13206309,0.7259129,1.0</skyColor>
				<gravitationalMultiplier>51</gravitationalMultiplier>
				<orbitalDistance>155</orbitalDistance>
				<orbitalPhi>-4</orbitalPhi>
				<rotationalPeriod>180925</rotationalPeriod>
				<atmosphereDensity>27</atmosphereDensity>
				<biomeIds>evilcraft:biome_degraded,minecraft:beaches,minecraft:desert,minecraft:mutated_redwood_taiga,minecraft:mutated_swampland</biomeIds>
			</planet>
		</planet>
	</star>
	<star name="Wolf 12" temp="10" x="300" y="-200" size="1.0" numPlanets="0" numGasGiants="0">
		<planet name="Sol-35" DIMID="35">
			<isKnown>false</isKnown>
			<fogColor>1.0,1.0,1.0</fogColor>
			<skyColor>0.8,0.5307435,0.7880211</skyColor>
			<gravitationalMultiplier>130</gravitationalMultiplier>
			<orbitalDistance>158</orbitalDistance>
			<orbitalPhi>0</orbitalPhi>
			<rotationalPeriod>10923</rotationalPeriod>
			<atmosphereDensity>140</atmosphereDensity>
			<biomeIds>minecraft:mutated_extreme_hills,minecraft:mesa_clear_rock,minecraft:roofed_forest,minecraft:mutated_extreme_hills_with_trees,minecraft:mesa,advancedrocketry:deepswamp,advancedrocketry:stormland</biomeIds>
			<planet name="Sol-35: 0" DIMID="36">
				<isKnown>false</isKnown>
				<fogColor>1.0,1.0,1.0</fogColor>
				<skyColor>0.21716702,0.6636057,1.0</skyColor>
				<gravitationalMultiplier>75</gravitationalMultiplier>
				<orbitalDistance>129</orbitalDistance>
				<orbitalPhi>1</orbitalPhi>
				<rotationalPeriod>56888</rotationalPeriod>
				<atmosphereDensity>20</atmosphereDensity>
				<biomeIds>advancedrocketry:moon,advancedrocketry:moondark</biomeIds>
			</planet>
			<planet name="Sol-35: 1" DIMID="37">
				<isKnown>false</isKnown>
				<fogColor>1.0,1.0,1.0</fogColor>
				<skyColor>0.444085,0.7039708,1.0</skyColor>
				<gravitationalMultiplier>80</gravitationalMultiplier>
				<orbitalDistance>112</orbitalDistance>
				<orbitalPhi>5</orbitalPhi>
				<rotationalPeriod>46875</rotationalPeriod>
				<atmosphereDensity>27</atmosphereDensity>
				<biomeIds>minecraft:mutated_desert,minecraft:beaches,minecraft:mutated_birch_forest,minecraft:mutated_birch_forest_hills,minecraft:mutated_plains</biomeIds>
			</planet>
		</planet>
		<planet name="Sol-38" DIMID="38">
			<isKnown>false</isKnown>
			<fogColor>1.0,1.0,1.0</fogColor>
			<skyColor>0.8,0.9252807,0.8370407</skyColor>
			<gravitationalMultiplier>130</gravitationalMultiplier>
			<orbitalDistance>75</orbitalDistance>
			<orbitalPhi>0</orbitalPhi>
			<rotationalPeriod>10923</rotationalPeriod>
			<atmosphereDensity>66</atmosphereDensity>
			<biomeIds>minecraft:mutated_plains,minecraft:forest_hills,minecraft:frozen_ocean,minecraft:mushroom_island_shore,minecraft:mushroom_island</biomeIds>
		</planet>
		<planet name="Sol-26" DIMID="26">
			<isKnown>false</isKnown>
			<fogColor>1.0,1.0,1.0</fogColor>
			<skyColor>0.8,0.73323387,0.43400437</skyColor>
			<gravitationalMultiplier>130</gravitationalMultiplier>
			<orbitalDistance>99</orbitalDistance>
			<orbitalPhi>2</orbitalPhi>
			<rotationalPeriod>10923</rotationalPeriod>
			<atmosphereDensity>138</atmosphereDensity>
			<seaLevel>49</seaLevel>
			<biomeIds>minecraft:savanna_rock,minecraft:mutated_savanna,minecraft:mutated_extreme_hills,minecraft:savanna,minecraft:mutated_mesa_rock,advancedrocketry:deepswamp,advancedrocketry:stormland</biomeIds>
			<oceanBlock>minecraft:lava</oceanBlock>
		</planet>
		<planet name="Sol-27" DIMID="27">
			<isKnown>false</isKnown>
			<fogColor>1.0,1.0,1.0</fogColor>
			<skyColor>0.5958619,0.51259327,1.0</skyColor>
			<gravitationalMultiplier>130</gravitationalMultiplier>
			<orbitalDistance>144</orbitalDistance>
			<orbitalPhi>-2</orbitalPhi>
			<rotationalPeriod>10923</rotationalPeriod>
			<atmosphereDensity>79</atmosphereDensity>
			<biomeIds>minecraft:ice_flats</biomeIds>
			<planet name="Sol-27: 0" DIMID="28">
				<isKnown>false</isKnown>
				<fogColor>1.0,1.0,1.0</fogColor>
				<skyColor>0.24125224,0.58948976,1.0</skyColor>
				<gravitationalMultiplier>45</gravitationalMultiplier>
				<orbitalDistance>146</orbitalDistance>
				<orbitalPhi>-2</orbitalPhi>
				<rotationalPeriod>263374</rotationalPeriod>
				<atmosphereDensity>37</atmosphereDensity>
				<biomeIds>minecraft:deep_ocean,minecraft:jungle_hills,minecraft:savanna_rock,advancedrocketry:oceanspires,minecraft:mutated_birch_forest_hills</biomeIds>
			</planet>
			<planet name="Sol-27: 1" DIMID="29">
				<isKnown>false</isKnown>
				<fogColor>1.0,1.0,1.0</fogColor>
				<skyColor>0.28105307,0.94386387,1.0</skyColor>
				<gravitationalMultiplier>70</gravitationalMultiplier>
				<orbitalDistance>120</orbitalDistance>
				<orbitalPhi>-3</orbitalPhi>
				<rotationalPeriod>69970</rotationalPeriod>
				<atmosphereDensity>19</atmosphereDensity>
				<biomeIds>advancedrocketry:moon,advancedrocketry:moondark</biomeIds>
			</planet>
			<planet name="Sol-27: 2" DIMID="30">
				<isKnown>false</isKnown>
				<fogColor>1.0,1.0,1.0</fogColor>
				<skyColor>0.290451,0.9539702,1.0</skyColor>
				<gravitationalMultiplier>57</gravitationalMultiplier>
				<orbitalDistance>130</orbitalDistance>
				<orbitalPhi>-4</orbitalPhi>
				<rotationalPeriod>129594</rotationalPeriod>
				<atmosphereDensity>30</atmosphereDensity>
				<biomeIds>minecraft:mutated_mesa_clear_rock,minecraft:savanna,minecraft:ocean,minecraft:mutated_mesa,minecraft:mesa_rock</biomeIds>
			</planet>
		</planet>
		<planet name="Sol-31" DIMID="31">
			<isKnown>false</isKnown>
			<fogColor>1.0,1.0,1.0</fogColor>
			<skyColor>0.12498063,0.6086314,1.0</skyColor>
			<gravitationalMultiplier>130</gravitationalMultiplier>
			<orbitalDistance>168</orbitalDistance>
			<orbitalPhi>0</orbitalPhi>
			<rotationalPeriod>10923</rotationalPeriod>
			<atmosphereDensity>45</atmosphereDensity>
			<biomeIds>minecraft:ocean,minecraft:smaller_extreme_hills,minecraft:savanna,minecraft:mutated_redwood_taiga,minecraft:swampland</biomeIds>
			<planet name="Sol-31: 0" DIMID="32">
				<isKnown>false</isKnown>
				<fogColor>1.0,1.0,1.0</fogColor>
				<skyColor>0.48427248,0.86655843,1.0</skyColor>
				<gravitationalMultiplier>69</gravitationalMultiplier>
				<orbitalDistance>98</orbitalDistance>
				<orbitalPhi>2</orbitalPhi>
				<rotationalPeriod>73057</rotationalPeriod>
				<atmosphereDensity>29</atmosphereDensity>
				<biomeIds>minecraft:ice_flats</biomeIds>
			</planet>
			<planet name="Sol-31: 1" DIMID="33">
				<isKnown>false</isKnown>
				<fogColor>1.0,1.0,1.0</fogColor>
				<skyColor>0.04794967,0.5023617,1.0</skyColor>
				<gravitationalMultiplier>48</gravitationalMultiplier>
				<orbitalDistance>162</orbitalDistance>
				<orbitalPhi>1</orbitalPhi>
				<rotationalPeriod>217013</rotationalPeriod>
				<atmosphereDensity>27</atmosphereDensity>
				<biomeIds>minecraft:forest_hills,minecraft:deep_ocean,minecraft:smaller_extreme_hills,minecraft:mutated_savanna,minecraft:mutated_roofed_forest</biomeIds>
			</planet>
			<planet name="Sol-31: 2" DIMID="34">
				<isKnown>false</isKnown>
				<fogColor>1.0,1.0,1.0</fogColor>
				<skyColor>0.002483964,0.9080434,1.0</skyColor>
				<gravitationalMultiplier>61</gravitationalMultiplier>
				<orbitalDistance>158</orbitalDistance>
				<orbitalPhi>-5</orbitalPhi>
				<rotationalPeriod>105735</rotationalPeriod>
				<atmosphereDensity>23</atmosphereDensity>
				<biomeIds>advancedrocketry:moon,advancedrocketry:moondark</biomeIds>
			</planet>
		</planet>
	</star>
	<star name="Epsilon ire" temp="170" x="-200" y="80" size="1.0" numPlanets="0" numGasGiants="0">
		<planet name="Sol-48" DIMID="48">
			<isKnown>false</isKnown>
			<fogColor>1.0,1.0,1.0</fogColor>
			<skyColor>0.8,0.68392277,0.0</skyColor>
			<gravitationalMultiplier>130</gravitationalMultiplier>
			<orbitalDistance>104</orbitalDistance>
			<orbitalPhi>0</orbitalPhi>
			<rotationalPeriod>10923</rotationalPeriod>
			<atmosphereDensity>182</atmosphereDensity>
			<biomeIds>advancedrocketry:hotdryrock</biomeIds>
			<planet name="Sol-48: 0" DIMID="49">
				<isKnown>false</isKnown>
				<fogColor>1.0,1.0,1.0</fogColor>
				<skyColor>0.22264832,0.5314538,1.0</skyColor>
				<gravitationalMultiplier>43</gravitationalMultiplier>
				<orbitalDistance>151</orbitalDistance>
				<orbitalPhi>-1</orbitalPhi>
				<rotationalPeriod>301860</rotationalPeriod>
				<atmosphereDensity>30</atmosphereDensity>
				<biomeIds>minecraft:mutated_desert,minecraft:savanna,minecraft:deep_ocean,minecraft:jungle_hills,minecraft:mesa</biomeIds>
			</planet>
			<planet name="Sol-48: 1" DIMID="50">
				<isKnown>false</isKnown>
				<fogColor>1.0,1.0,1.0</fogColor>
				<skyColor>0.0,0.62197196,1.0</skyColor>
				<gravitationalMultiplier>49</gravitationalMultiplier>
				<orbitalDistance>181</orbitalDistance>
				<orbitalPhi>2</orbitalPhi>
				<rotationalPeriod>203996</rotationalPeriod>
				<atmosphereDensity>20</atmosphereDensity>
				<seaLevel>59</seaLevel>
				<biomeIds>advancedrocketry:moon,advancedrocketry:moondark</biomeIds>
			</planet>
			<oceanBlock>minecraft:lava</oceanBlock>
		</planet>
		<planet name="Sol-51" DIMID="51">
			<isKnown>false</isKnown>
			<fogColor>1.0,1.0,1.0</fogColor>
			<skyColor>0.8,0.71902806,0.4370035</skyColor>
			<gravitationalMultiplier>130</gravitationalMultiplier>
			<orbitalDistance>86</orbitalDistance>
			<orbitalPhi>-4</orbitalPhi>
			<rotationalPeriod>10923</rotationalPeriod>
			<atmosphereDensity>118</atmosphereDensity>
			<biomeIds>minecraft:mushroom_island</biomeIds>
			<oceanBlock>minecraft:lava</oceanBlock>
		</planet>
		<planet name="Sol-52" DIMID="52">
			<isKnown>false</isKnown>
			<fogColor>1.0,1.0,1.0</fogColor>
			<skyColor>0.7120437,0.8488033,1.0</skyColor>
			<gravitationalMultiplier>122</gravitationalMultiplier>
			<orbitalDistance>140</orbitalDistance>
			<orbitalPhi>0</orbitalPhi>
			<rotationalPeriod>13216</rotationalPeriod>
			<atmosphereDensity>74</atmosphereDensity>
			<biomeIds>minecraft:mutated_jungle,minecraft:mutated_mesa,minecraft:mutated_birch_forest_hills,advancedrocketry:oceanspires,minecraft:mutated_swampland</biomeIds>
			<planet name="Sol-52: 0" DIMID="53">
				<isKnown>false</isKnown>
				<fogColor>1.0,1.0,1.0</fogColor>
				<skyColor>0.0,0.86194223,1.0</skyColor>
				<gravitationalMultiplier>67</gravitationalMultiplier>
				<orbitalDistance>191</orbitalDistance>
				<orbitalPhi>5</orbitalPhi>
				<rotationalPeriod>79797</rotationalPeriod>
				<atmosphereDensity>36</atmosphereDensity>
				<biomeIds>minecraft:mutated_redwood_taiga_hills,minecraft:birch_forest_hills,minecraft:mutated_swampland,minecraft:mutated_jungle,minecraft:plains</biomeIds>
			</planet>
			<planet name="Sol-52: 1" DIMID="54">
				<isKnown>false</isKnown>
				<fogColor>1.0,1.0,1.0</fogColor>
				<skyColor>0.51728314,0.8994329,1.0</skyColor>
				<gravitationalMultiplier>64</gravitationalMultiplier>
				<orbitalDistance>118</orbitalDistance>
				<orbitalPhi>0</orbitalPhi>
				<rotationalPeriod>91552</rotationalPeriod>
				<atmosphereDensity>35</atmosphereDensity>
				<seaLevel>44</seaLevel>
				<biomeIds>minecraft:ice_flats</biomeIds>
			</planet>
		</planet>
		<planet name="Sol-55" DIMID="55">
			<isKnown>false</isKnown>
			<fogColor>1.0,1.0,1.0</fogColor>
			<skyColor>0.8,0.7616246,0.0</skyColor>
			<gravitationalMultiplier>88</gravitationalMultiplier>
			<orbitalDistance>120</orbitalDistance>
			<orbitalPhi>-4</orbitalPhi>
			<rotationalPeriod>35217</rotationalPeriod>
			<atmosphereDensity>200</atmosphereDensity>
			<biomeIds>advancedrocketry:hotdryrock</biomeIds>
			<oceanBlock>minecraft:lava</oceanBlock>
		</planet>
		<planet name="Sol-39" DIMID="39">
			<isKnown>false</isKnown>
			<fogColor>1.0,1.0,1.0</fogColor>
			<skyColor>0.8,0.85498405,0.0</skyColor>
			<gravitationalMultiplier>130</gravitationalMultiplier>
			<orbitalDistance>96</orbitalDistance>
			<orbitalPhi>2</orbitalPhi>
			<rotationalPeriod>10923</rotationalPeriod>
			<atmosphereDensity>177</atmosphereDensity>
			<biomeIds>advancedrocketry:hotdryrock</biomeIds>
			<oceanBlock>minecraft:lava</oceanBlock>
		</planet>
		<planet name="Sol-40" DIMID="40">
			<isKnown>false</isKnown>
			<fogColor>1.0,1.0,1.0</fogColor>
			<skyColor>0.8,0.9926276,0.7876278</skyColor>
			<gravitationalMultiplier>104</gravitationalMultiplier>
			<orbitalDistance>127</orbitalDistance>
			<orbitalPhi>-5</orbitalPhi>
			<rotationalPeriod>20732</rotationalPeriod>
			<atmosphereDensity>115</atmosphereDensity>
			<biomeIds>minecraft:deep_ocean,minecraft:deep_ocean,minecraft:mesa_clear_rock,minecraft:mutated_roofed_forest,minecraft:frozen_ocean</biomeIds>
			<planet name="Sol-40: 0" DIMID="41">
				<isKnown>false</isKnown>
				<fogColor>1.0,1.0,1.0</fogColor>
				<skyColor>0.38223952,0.9543927,1.0</skyColor>
				<gravitationalMultiplier>37</gravitationalMultiplier>
				<orbitalDistance>134</orbitalDistance>
				<orbitalPhi>6</orbitalPhi>
				<rotationalPeriod>473812</rotationalPeriod>
				<atmosphereDensity>30</atmosphereDensity>
				<biomeIds>minecraft:mutated_savanna_rock,minecraft:desert_hills,minecraft:mutated_redwood_taiga,minecraft:mutated_jungle,minecraft:mutated_desert</biomeIds>
			</planet>
			<planet name="Sol-40: 1" DIMID="42">
				<isKnown>false</isKnown>
				<fogColor>1.0,1.0,1.0</fogColor>
				<skyColor>0.0,0.64979476,1.0</skyColor>
				<gravitationalMultiplier>52</gravitationalMultiplier>
				<orbitalDistance>198</orbitalDistance>
				<orbitalPhi>-6</orbitalPhi>
				<rotationalPeriod>170687</rotationalPeriod>
				<atmosphereDensity>32</atmosphereDensity>
				<biomeIds>minecraft:mutated_mesa,minecraft:forest_hills,minecraft:mutated_jungle_edge,minecraft:mutated_birch_forest,minecraft:savanna</biomeIds>
			</planet>
			<planet name="Sol-40: 2" DIMID="43">
				<isKnown>false</isKnown>
				<fogColor>1.0,1.0,1.0</fogColor>
				<skyColor>0.13386482,0.5168718,1.0</skyColor>
				<gravitationalMultiplier>52</gravitationalMultiplier>
				<orbitalDistance>159</orbitalDistance>
				<orbitalPhi>2</orbitalPhi>
				<rotationalPeriod>170687</rotationalPeriod>
				<atmosphereDensity>27</atmosphereDensity>
				<biomeIds>minecraft:extreme_hills,minecraft:beaches,minecraft:smaller_extreme_hills,minecraft:mutated_mesa_rock,minecraft:mushroom_island_shore</biomeIds>
			</planet>
		</planet>
		<planet name="Sol-44" DIMID="44">
			<isKnown>false</isKnown>
			<fogColor>1.0,1.0,1.0</fogColor>
			<skyColor>0.23227793,0.86452365,1.0</skyColor>
			<gravitationalMultiplier>130</gravitationalMultiplier>
			<orbitalDistance>200</orbitalDistance>
			<orbitalPhi>3</orbitalPhi>
			<rotationalPeriod>10923</rotationalPeriod>
			<atmosphereDensity>74</atmosphereDensity>
			<seaLevel>77</seaLevel>
			<biomeIds>minecraft:mesa,minecraft:smaller_extreme_hills,minecraft:mutated_mesa_clear_rock,minecraft:beaches,minecraft:plains</biomeIds>
			<planet name="Sol-44: 0" DIMID="45">
				<isKnown>false</isKnown>
				<fogColor>1.0,1.0,1.0</fogColor>
				<skyColor>0.0,0.7894219,1.0</skyColor>
				<gravitationalMultiplier>52</gravitationalMultiplier>
				<orbitalDistance>164</orbitalDistance>
				<orbitalPhi>-1</orbitalPhi>
				<rotationalPeriod>170687</rotationalPeriod>
				<atmosphereDensity>17</atmosphereDensity>
				<biomeIds>advancedrocketry:moon,advancedrocketry:moondark</biomeIds>
			</planet>
			<planet name="Sol-44: 1" DIMID="46">
				<isKnown>false</isKnown>
				<fogColor>1.0,1.0,1.0</fogColor>
				<skyColor>0.40396821,0.5509164,1.0</skyColor>
				<gravitationalMultiplier>78</gravitationalMultiplier>
				<orbitalDistance>106</orbitalDistance>
				<orbitalPhi>-2</orbitalPhi>
				<rotationalPeriod>50574</rotationalPeriod>
				<atmosphereDensity>14</atmosphereDensity>
				<biomeIds>advancedrocketry:moon,advancedrocketry:moondark</biomeIds>
			</planet>
			<planet name="Sol-44: 2" DIMID="47">
				<isKnown>false</isKnown>
				<fogColor>1.0,1.0,1.0</fogColor>
				<skyColor>0.0,0.9497006,1.0</skyColor>
				<gravitationalMultiplier>58</gravitationalMultiplier>
				<orbitalDistance>181</orbitalDistance>
				<orbitalPhi>-3</orbitalPhi>
				<rotationalPeriod>123006</rotationalPeriod>
				<atmosphereDensity>29</atmosphereDensity>
				<biomeIds>minecraft:plains,minecraft:desert,minecraft:deep_ocean,minecraft:jungle_edge,minecraft:mutated_mesa_rock</biomeIds>
			</planet>
		</planet>
	</star>
	<star name="Proxima Centaurs" temp="200" x="-150" y="250" size="1.0" numPlanets="0" numGasGiants="0">
		<planet name="Sol-56" DIMID="56">
			<isKnown>false</isKnown>
			<fogColor>1.0,1.0,1.0</fogColor>
			<skyColor>0.8,0.7175944,0.0</skyColor>
			<gravitationalMultiplier>115</gravitationalMultiplier>
			<orbitalDistance>13</orbitalDistance>
			<orbitalPhi>-7</orbitalPhi>
			<rotationalPeriod>15780</rotationalPeriod>
			<atmosphereDensity>157</atmosphereDensity>
			<biomeIds>advancedrocketry:hotdryrock</biomeIds>
			<oceanBlock>minecraft:lava</oceanBlock>
		</planet>
		<planet name="Sol-57" DIMID="57">
			<isKnown>false</isKnown>
			<fogColor>1.0,1.0,1.0</fogColor>
			<skyColor>0.8,0.9971539,0.8319851</skyColor>
			<gravitationalMultiplier>130</gravitationalMultiplier>
			<orbitalDistance>134</orbitalDistance>
			<orbitalPhi>-3</orbitalPhi>
			<rotationalPeriod>10923</rotationalPeriod>
			<atmosphereDensity>113</atmosphereDensity>
			<biomeIds>minecraft:mutated_mesa,minecraft:mesa_rock,minecraft:stone_beach,minecraft:mutated_forest,minecraft:deep_ocean</biomeIds>
		</planet>
		<planet name="Sol-58" DIMID="58">
			<isKnown>false</isKnown>
			<fogColor>1.0,1.0,1.0</fogColor>
			<skyColor>0.03467554,0.89778537,1.0</skyColor>
			<gravitationalMultiplier>108</gravitationalMultiplier>
			<orbitalDistance>141</orbitalDistance>
			<orbitalPhi>-3</orbitalPhi>
			<rotationalPeriod>19051</rotationalPeriod>
			<atmosphereDensity>0</atmosphereDensity>
			<seaLevel>72</seaLevel>
			<biomeIds>advancedrocketry:moon,advancedrocketry:moondark</biomeIds>
			<oceanBlock>advancedrocketry:oxygenfluid</oceanBlock>
		</planet>
	</star>
	<star name="Magnis Vulpes" temp="70" x="-150" y="-250" size="1.0" numPlanets="0" numGasGiants="0">
		<planet name="Sol-59" DIMID="59">
			<isKnown>false</isKnown>
			<fogColor>1.0,1.0,1.0</fogColor>
			<skyColor>0.8,0.9152436,0.0</skyColor>
			<gravitationalMultiplier>130</gravitationalMultiplier>
			<orbitalDistance>93</orbitalDistance>
			<orbitalPhi>-1</orbitalPhi>
			<rotationalPeriod>10923</rotationalPeriod>
			<atmosphereDensity>189</atmosphereDensity>
			<biomeIds>advancedrocketry:hotdryrock</biomeIds>
			<oceanBlock>minecraft:lava</oceanBlock>
		</planet>
		<planet name="Sol-60" DIMID="60">
			<isKnown>false</isKnown>
			<fogColor>1.0,1.0,1.0</fogColor>
			<skyColor>0.5943525,0.60944664,1.0</skyColor>
			<gravitationalMultiplier>90</gravitationalMultiplier>
			<orbitalDistance>138</orbitalDistance>
			<orbitalPhi>-6</orbitalPhi>
			<rotationalPeriod>32921</rotationalPeriod>
			<atmosphereDensity>64</atmosphereDensity>
			<biomeIds>minecraft:mutated_forest,minecraft:desert_hills,minecraft:plains,minecraft:birch_forest,advancedrocketry:oceanspires</biomeIds>
		</planet>
	</star>
	<star name="Ma-Roo" temp="200" x="50" y="-250" size="1.0" numPlanets="0" numGasGiants="0">
		<planet name="Sol-64" DIMID="64">
			<isKnown>false</isKnown>
			<fogColor>1.0,1.0,1.0</fogColor>
			<skyColor>0.0,0.5727545,1.0</skyColor>
			<gravitationalMultiplier>112</gravitationalMultiplier>
			<orbitalDistance>200</orbitalDistance>
			<orbitalPhi>-4</orbitalPhi>
			<rotationalPeriod>17082</rotationalPeriod>
			<atmosphereDensity>37</atmosphereDensity>
			<biomeIds>minecraft:mesa_clear_rock,minecraft:mutated_birch_forest,minecraft:mesa_rock,minecraft:savanna_rock,minecraft:jungle_hills</biomeIds>
			<planet name="Sol-64: 0" DIMID="65">
				<isKnown>false</isKnown>
				<fogColor>1.0,1.0,1.0</fogColor>
				<skyColor>0.05804068,0.6248622,1.0</skyColor>
				<gravitationalMultiplier>38</gravitationalMultiplier>
				<orbitalDistance>179</orbitalDistance>
				<orbitalPhi>0</orbitalPhi>
				<rotationalPeriod>437381</rotationalPeriod>
				<atmosphereDensity>33</atmosphereDensity>
				<biomeIds>minecraft:ocean,minecraft:jungle_hills,minecraft:mutated_birch_forest_hills,minecraft:mutated_mesa_rock,minecraft:mutated_mesa</biomeIds>
			</planet>
			<planet name="Sol-64: 1" DIMID="66">
				<isKnown>false</isKnown>
				<fogColor>1.0,1.0,1.0</fogColor>
				<skyColor>0.33326632,0.7863803,1.0</skyColor>
				<gravitationalMultiplier>70</gravitationalMultiplier>
				<orbitalDistance>140</orbitalDistance>
				<orbitalPhi>0</orbitalPhi>
				<rotationalPeriod>69970</rotationalPeriod>
				<atmosphereDensity>31</atmosphereDensity>
				<biomeIds>minecraft:mutated_roofed_forest,minecraft:mesa_clear_rock,minecraft:jungle,minecraft:mutated_mesa_rock,minecraft:savanna</biomeIds>
			</planet>
			<planet name="Sol-64: 2" DIMID="67">
				<isKnown>false</isKnown>
				<fogColor>1.0,1.0,1.0</fogColor>
				<skyColor>0.24580622,0.6869348,1.0</skyColor>
				<gravitationalMultiplier>72</gravitationalMultiplier>
				<orbitalDistance>151</orbitalDistance>
				<orbitalPhi>0</orbitalPhi>
				<rotationalPeriod>64300</rotationalPeriod>
				<atmosphereDensity>29</atmosphereDensity>
				<seaLevel>46</seaLevel>
				<biomeIds>minecraft:roofed_forest,minecraft:smaller_extreme_hills,minecraft:forest_hills,minecraft:mutated_extreme_hills_with_trees,minecraft:plains</biomeIds>
			</planet>
		</planet>
		<planet name="Sol-68" DIMID="68">
			<isKnown>false</isKnown>
			<fogColor>1.0,1.0,1.0</fogColor>
			<skyColor>0.8,0.95321566,0.4326169</skyColor>
			<gravitationalMultiplier>130</gravitationalMultiplier>
			<orbitalDistance>169</orbitalDistance>
			<orbitalPhi>-5</orbitalPhi>
			<rotationalPeriod>10923</rotationalPeriod>
			<atmosphereDensity>182</atmosphereDensity>
			<biomeIds>minecraft:birch_forest_hills,minecraft:savanna_rock,minecraft:mutated_roofed_forest,minecraft:mutated_jungle,minecraft:mesa_clear_rock,advancedrocketry:deepswamp,advancedrocketry:stormland</biomeIds>
			<planet name="Sol-68: 0" DIMID="69">
				<isKnown>false</isKnown>
				<fogColor>1.0,1.0,1.0</fogColor>
				<skyColor>0.19996333,0.51154137,1.0</skyColor>
				<gravitationalMultiplier>46</gravitationalMultiplier>
				<orbitalDistance>159</orbitalDistance>
				<orbitalPhi>-6</orbitalPhi>
				<rotationalPeriod>246568</rotationalPeriod>
				<atmosphereDensity>29</atmosphereDensity>
				<biomeIds>advancedrocketry:marsh,minecraft:desert,minecraft:jungle_hills,minecraft:mushroom_island_shore,minecraft:mutated_redwood_taiga</biomeIds>
			</planet>
			<planet name="Sol-68: 1" DIMID="70">
				<isKnown>false</isKnown>
				<fogColor>1.0,1.0,1.0</fogColor>
				<skyColor>0.21257132,0.8962395,1.0</skyColor>
				<gravitationalMultiplier>76</gravitationalMultiplier>
				<orbitalDistance>149</orbitalDistance>
				<orbitalPhi>0</orbitalPhi>
				<rotationalPeriod>54672</rotationalPeriod>
				<atmosphereDensity>23</atmosphereDensity>
				<seaLevel>76</seaLevel>
				<biomeIds>advancedrocketry:moon,advancedrocketry:moondark</biomeIds>
				<oceanBlock>advancedrocketry:oxygenfluid</oceanBlock>
			</planet>
			<oceanBlock>minecraft:lava</oceanBlock>
		</planet>
		<planet name="Sol-71" DIMID="71">
			<isKnown>false</isKnown>
			<fogColor>1.0,1.0,1.0</fogColor>
			<skyColor>0.8,0.9991036,0.0</skyColor>
			<gravitationalMultiplier>119</gravitationalMultiplier>
			<orbitalDistance>12</orbitalDistance>
			<orbitalPhi>0</orbitalPhi>
			<rotationalPeriod>14241</rotationalPeriod>
			<atmosphereDensity>101</atmosphereDensity>
			<biomeIds>advancedrocketry:hotdryrock</biomeIds>
			<planet name="Sol-71: 0" DIMID="72">
				<isKnown>false</isKnown>
				<fogColor>1.0,1.0,1.0</fogColor>
				<skyColor>0.030827343,0.7909689,1.0</skyColor>
				<gravitationalMultiplier>68</gravitationalMultiplier>
				<orbitalDistance>177</orbitalDistance>
				<orbitalPhi>-4</orbitalPhi>
				<rotationalPeriod>76328</rotationalPeriod>
				<atmosphereDensity>29</atmosphereDensity>
				<biomeIds>minecraft:forest,minecraft:mutated_savanna,minecraft:birch_forest,minecraft:mesa_rock,minecraft:mushroom_island</biomeIds>
			</planet>
			<planet name="Sol-71: 1" DIMID="73">
				<isKnown>false</isKnown>
				<fogColor>1.0,1.0,1.0</fogColor>
				<skyColor>0.22604698,0.9310809,1.0</skyColor>
				<gravitationalMultiplier>56</gravitationalMultiplier>
				<orbitalDistance>139</orbitalDistance>
				<orbitalPhi>2</orbitalPhi>
				<rotationalPeriod>136661</rotationalPeriod>
				<atmosphereDensity>15</atmosphereDensity>
				<biomeIds>advancedrocketry:moon,advancedrocketry:moondark</biomeIds>
			</planet>
			<oceanBlock>minecraft:lava</oceanBlock>
		</planet>
		<planet name="Sol-74" DIMID="74">
			<isKnown>false</isKnown>
			<fogColor>1.0,1.0,1.0</fogColor>
			<skyColor>0.24581093,0.6791829,1.0</skyColor>
			<gravitationalMultiplier>130</gravitationalMultiplier>
			<orbitalDistance>164</orbitalDistance>
			<orbitalPhi>-5</orbitalPhi>
			<rotationalPeriod>10923</rotationalPeriod>
			<atmosphereDensity>37</atmosphereDensity>
			<seaLevel>43</seaLevel>
			<biomeIds>minecraft:swampland,minecraft:savanna,minecraft:smaller_extreme_hills,minecraft:mutated_plains,minecraft:mutated_extreme_hills</biomeIds>
		</planet>
		<planet name="Sol-61" DIMID="61">
			<isKnown>false</isKnown>
			<fogColor>1.0,1.0,1.0</fogColor>
			<skyColor>0.8,0.51880217,0.0</skyColor>
			<gravitationalMultiplier>104</gravitationalMultiplier>
			<orbitalDistance>93</orbitalDistance>
			<orbitalPhi>-4</orbitalPhi>
			<rotationalPeriod>20150</rotationalPeriod>
			<atmosphereDensity>178</atmosphereDensity>
			<biomeIds>advancedrocketry:hotdryrock</biomeIds>
			<oceanBlock>minecraft:lava</oceanBlock>
		</planet>
		<planet name="Sol-62" DIMID="62">
			<isKnown>false</isKnown>
			<fogColor>1.0,1.0,1.0</fogColor>
			<skyColor>0.63391864,0.78121233,1.0</skyColor>
			<gravitationalMultiplier>130</gravitationalMultiplier>
			<orbitalDistance>128</orbitalDistance>
			<orbitalPhi>1</orbitalPhi>
			<rotationalPeriod>10923</rotationalPeriod>
			<atmosphereDensity>52</atmosphereDensity>
			<biomeIds>minecraft:mutated_savanna,minecraft:jungle_hills,minecraft:roofed_forest,minecraft:mutated_roofed_forest,minecraft:mutated_birch_forest_hills</biomeIds>
			<planet name="Sol-62: 0" DIMID="63">
				<isKnown>false</isKnown>
				<fogColor>1.0,1.0,1.0</fogColor>
				<skyColor>0.09371567,0.6533861,1.0</skyColor>
				<gravitationalMultiplier>43</gravitationalMultiplier>
				<orbitalDistance>159</orbitalDistance>
				<orbitalPhi>-1</orbitalPhi>
				<rotationalPeriod>301860</rotationalPeriod>
				<atmosphereDensity>23</atmosphereDensity>
				<biomeIds>advancedrocketry:moon,advancedrocketry:moondark</biomeIds>
			</planet>
		</planet>
	</star>
	<star name="Alykitt" temp="120" x="75" y="200" size="1.0" numPlanets="0" numGasGiants="0">
		<planet name="Sol-80" DIMID="80">
			<isKnown>false</isKnown>
			<fogColor>1.0,1.0,1.0</fogColor>
			<skyColor>0.7473902,0.50399864,1.0</skyColor>
			<gravitationalMultiplier>130</gravitationalMultiplier>
			<orbitalDistance>114</orbitalDistance>
			<orbitalPhi>-4</orbitalPhi>
			<rotationalPeriod>10923</rotationalPeriod>
			<atmosphereDensity>56</atmosphereDensity>
			<biomeIds>advancedrocketry:crystalchasms</biomeIds>
		</planet>
		<planet name="Sol-81" DIMID="81">
			<isKnown>false</isKnown>
			<fogColor>1.0,1.0,1.0</fogColor>
			<skyColor>0.16524428,0.74059665,1.0</skyColor>
			<gravitationalMultiplier>110</gravitationalMultiplier>
			<orbitalDistance>160</orbitalDistance>
			<orbitalPhi>0</orbitalPhi>
			<rotationalPeriod>18031</rotationalPeriod>
			<atmosphereDensity>28</atmosphereDensity>
			<biomeIds>minecraft:mutated_mesa,minecraft:extreme_hills_with_trees,minecraft:swampland,minecraft:mutated_forest,minecraft:mutated_desert</biomeIds>
			<planet name="Sol-81: 0" DIMID="82">
				<isKnown>false</isKnown>
				<fogColor>1.0,1.0,1.0</fogColor>
				<skyColor>0.47271514,0.96372867,1.0</skyColor>
				<gravitationalMultiplier>40</gravitationalMultiplier>
				<orbitalDistance>111</orbitalDistance>
				<orbitalPhi>0</orbitalPhi>
				<rotationalPeriod>375000</rotationalPeriod>
				<atmosphereDensity>25</atmosphereDensity>
				<biomeIds>advancedrocketry:moon,advancedrocketry:moondark</biomeIds>
			</planet>
		</planet>
		<planet name="Sol-75" DIMID="75">
			<isKnown>false</isKnown>
			<GasGiant>true</GasGiant>
			<gas>nitrogen</gas>
			<gas>hydrogen</gas>
			<gas>oxygen</gas>
			<fogColor>1.0,1.0,1.0</fogColor>
			<skyColor>1.0,1.0,1.0</skyColor>
			<gravitationalMultiplier>121</gravitationalMultiplier>
			<orbitalDistance>200</orbitalDistance>
			<orbitalPhi>0</orbitalPhi>
			<rotationalPeriod>24000</rotationalPeriod>
			<atmosphereDensity>152</atmosphereDensity>
			<planet name="Sol-75: 0" DIMID="76">
				<isKnown>false</isKnown>
				<fogColor>1.0,1.0,1.0</fogColor>
				<skyColor>0.2640168,0.5612627,1.0</skyColor>
				<gravitationalMultiplier>70</gravitationalMultiplier>
				<orbitalDistance>153</orbitalDistance>
				<orbitalPhi>-2</orbitalPhi>
				<rotationalPeriod>69970</rotationalPeriod>
				<atmosphereDensity>36</atmosphereDensity>
				<biomeIds>minecraft:deep_ocean,minecraft:extreme_hills_with_trees,minecraft:desert,minecraft:desert_hills,minecraft:mutated_roofed_forest</biomeIds>
			</planet>
		</planet>
		<planet name="Sol-77" DIMID="77">
			<isKnown>false</isKnown>
			<fogColor>1.0,1.0,1.0</fogColor>
			<skyColor>0.8,0.7417995,0.0</skyColor>
			<gravitationalMultiplier>101</gravitationalMultiplier>
			<orbitalDistance>22</orbitalDistance>
			<orbitalPhi>0</orbitalPhi>
			<rotationalPeriod>23294</rotationalPeriod>
			<atmosphereDensity>121</atmosphereDensity>
			<biomeIds>advancedrocketry:hotdryrock</biomeIds>
			<planet name="Sol-77: 0" DIMID="78">
				<isKnown>false</isKnown>
				<fogColor>1.0,1.0,1.0</fogColor>
				<skyColor>0.14836013,0.83839035,1.0</skyColor>
				<gravitationalMultiplier>49</gravitationalMultiplier>
				<orbitalDistance>158</orbitalDistance>
				<orbitalPhi>3</orbitalPhi>
				<rotationalPeriod>203996</rotationalPeriod>
				<atmosphereDensity>33</atmosphereDensity>
				<seaLevel>76</seaLevel>
				<biomeIds>minecraft:mutated_jungle_edge,minecraft:mutated_savanna,minecraft:mesa,minecraft:desert_hills,minecraft:mutated_birch_forest_hills</biomeIds>
			</planet>
			<planet name="Sol-77: 1" DIMID="79">
				<isKnown>false</isKnown>
				<fogColor>1.0,1.0,1.0</fogColor>
				<skyColor>0.5232216,0.6249206,1.0</skyColor>
				<gravitationalMultiplier>36</gravitationalMultiplier>
				<orbitalDistance>101</orbitalDistance>
				<orbitalPhi>1</orbitalPhi>
				<rotationalPeriod>514403</rotationalPeriod>
				<atmosphereDensity>30</atmosphereDensity>
				<biomeIds>minecraft:ice_flats</biomeIds>
			</planet>
			<oceanBlock>minecraft:lava</oceanBlock>
		</planet>
	</star>
</galaxy>