{"stat.mineBlock.forestry.wood_pile":1,"stat.pickup.astralsorcery.blockcollectorcrystal":1,"stat.leaveGame":4,"stat.pickup.agricraft.crop_sticks":89,"stat.mineBlock.botania.root":11,"stat.drop.tconstruct.pickaxe":1,"stat.drop.minecraft.coal_block":7,"stat.pickup.xreliquary.mob_ingredient":14,"stat.craftItem.astralsorcery.itemwand":1,"stat.drop.betterwithmods.dirt_pile":3,"stat.pickup.minecraft.rotten_flesh":69,"stat.useItem.betterwithmods.mystery_meat":1,"stat.craftItem.minecraft.stone_axe":1,"stat.pickup.betterwithmods.hand_crank":1,"stat.craftItem.artisanworktables.artisans_shears_wood":1,"stat.killEntity.Enderman":5,"stat.pickup.botania.waterbowl":1,"stat.pickup.integrateddynamics.menril_sapling":28,"stat.pickup.integrateddynamics.menril_berries":123,"stat.pickup.astralsorcery.itemjournal":1,"stat.pickup.appliedenergistics2.sky_stone_block":22,"stat.craftItem.minecraft.glass_pane":12,"stat.pickup.actuallyadditions.item_worm":4,"stat.craftItem.betterwithmods.hand_crank":1,"stat.pickup.thermalfoundation.material":25,"stat.furnaceInteraction":63,"stat.killEntity.ZombieVillager":2,"stat.craftItem.magneticraft.stone_hammer":3,"stat.pickup.actuallyadditions.item_solidified_experience":24,"stat.pickup.embers.archaic_brick":78,"stat.craftItem.thermalfoundation.material":11,"stat.pickup.botania.livingwood":8,"stat.pickup.minecraft.skull":1,"stat.drop.tconstruct.broadsword":1,"stat.craftItem.botania.pool":1,"stat.useItem.betterbuilderswands.wanddiamond":99,"stat.mineBlock.astralsorcery.blockmarble":4,"stat.pickup.minecraft.pumpkin_seeds":4,"stat.useItem.integrateddynamics.menril_torch":35,"stat.useItem.botania.twigwand":111,"stat.drop.actuallyadditions.item_coffee_seed":2,"stat.useItem.minecraft.dye":16,"stat.deaths":5,"stat.playOneMinute":461507,"stat.craftItem.minecraft.wooden_shovel":1,"stat.pickup.tconstruct.rack":19,"stat.drop.botania.waterbowl":1,"stat.pickup.betterwithmods.mystery_meat":4,"stat.useItem.integrateddynamics.menril_sapling":6,"stat.pickup.tconstruct.mattock":1,"stat.drop.minecraft.glass_bottle":2,"stat.mineBlock.minecraft.tallgrass":152,"stat.chestOpened":273,"stat.mineBlock.botania.specialflower":1,"stat.pickup.minecraft.pumpkin":6,"stat.useItem.minecraft.stone":9,"stat.pickup.minecraft.arrow":56,"stat.craftItem.betterwithmods.single_machine":1,"stat.useItem.actuallyadditions.item_food":11,"stat.pickup.betterwithmods.hemp":8,"stat.fallOneCm":241320,"stat.pickup.minecraft.carrot":15,"stat.pickup.minecraft.melon_seeds":4,"stat.mineBlock.betterwithmods.hand_crank":1,"stat.crouchOneCm":174956,"stat.pickup.actuallyadditions.item_food":12,"stat.craftItem.minecraft.chest":12,"stat.pickup.minecraft.melon":27,"stat.mineBlock.botania.livingrock":11,"stat.craftItem.extrautils2.decorativesolid":32,"stat.craftItem.integrateddynamics.menril_planks":27,"stat.mineBlock.tconstruct.rack":13,"stat.craftItem.tconstruct.pattern":30,"stat.pickup.minecraft.planks":25,"stat.pickup.minecraft.wheat_seeds":21,"stat.killEntity.karate_zombie":16,"stat.mineBlock.minecraft.gravel":96,"stat.useItem.minecraft.stone_pickaxe":5,"stat.mineBlock.minecraft.dirt":92,"stat.craftItem.betterwithaddons.decomat":12,"stat.pickup.minecraft.poisonous_potato":2,"stat.pickup.botania.specialflower":3,"stat.pickup.betterwithmods.bark":78,"stat.drop.integrateddynamics.menril_log":9,"stat.drop.betterwithmods.bark":12,"stat.drop.actuallyadditions.item_worm":1,"stat.useItem.minecraft.log":11,"stat.useItem.minecraft.cobblestone":232,"stat.craftItem.minecraft.crafting_table":3,"stat.useItem.minecraft.gravel":2,"stat.pickup.tconstruct.pickaxe":1,"stat.pickup.minecraft.log":90,"stat.useItem.botania.specialflower":2,"stat.pickup.astralsorcery.blockaltar":1,"stat.pickup.betterwithmods.arcane_scroll":3,"stat.useItem.tconstruct.pickaxe":97,"stat.drop.minecraft.planks":32,"stat.drop.minecraft.sapling":1,"stat.craftItem.betterwithaddons.tweakmat":1,"stat.pickup.minecraft.sapling":50,"stat.craftItem.astralsorcery.blockaltar":1,"stat.pickup.minecraft.apple":6,"stat.drop.betterwithaddons.tweakmat":1,"stat.pickup.minecraft.beetroot":46,"stat.pickup.tconstruct.broadsword":1,"stat.craftItem.minecraft.planks":153,"stat.mineBlock.integrateddynamics.menril_log":191,"stat.mineBlock.minecraft.log":102,"stat.pickup.embers.ancient_motive_core":11,"stat.useItem.integrateddynamics.menril_berries":1,"stat.craftItem.minecraft.paper":8,"stat.pickup.minecraft.red_flower":16,"stat.craftItem.magneticraft.crushing_table":1,"stat.sneakTime":79519,"stat.craftItem.botania.twigwand":1,"stat.pickup.minecraft.stone_slab":40,"stat.pickup.minecraft.yellow_flower":5,"stat.craftItem.minecraft.cobblestone":1022,"stat.drop.minecraft.grass":1,"stat.pickup.astralsorcery.blockblackmarble":48,"stat.mineBlock.integrateddynamics.menril_log_filled":13,"stat.pickup.minecraft.bone":65,"stat.mineBlock.minecraft.cobblestone":43,"stat.useItem.tconstruct.mattock":479,"stat.pickup.minecraft.flint":9,"stat.mineBlock.minecraft.yellow_flower":5,"stat.pickup.integrateddynamics.menril_torch":18,"stat.drop.thermalfoundation.material":1,"stat.mineBlock.astralsorcery.blockcustomore":5,"stat.drop.actuallyadditions.item_flax_seed":1,"stat.swimOneCm":12046,"stat.useItem.minecraft.concrete_powder":7,"stat.useItem.minecraft.obsidian":4,"stat.useItem.minecraft.dirt":61,"stat.useItem.minecraft.stone_slab2":132,"stat.pickup.minecraft.bow":1,"stat.useItem.agricraft.crop_sticks":78,"stat.craftItem.minecraft.furnace":2,"stat.craftItem.minecraft.stone_pickaxe":1,"stat.pickup.betterwithmods.dirt_pile":12,"stat.pickup.minecraft.cobblestone":40,"stat.mineBlock.integrateddynamics.menril_torch":14,"stat.mineBlock.minecraft.clay":5,"stat.useItem.minecraft.stone_shovel":35,"stat.flyOneCm":8457,"stat.craftItem.minecraft.glass_bottle":2,"stat.useItem.extrautils2.decorativesolid":4,"stat.pickup.actuallyadditions.item_booklet":1,"stat.drop.minecraft.wheat_seeds":5,"stat.craftItem.minecraft.wooden_slab":30,"stat.craftItem.botania.dye":7,"stat.useItem.tconstruct.broadsword":2,"stat.craftItem.minecraft.book":1,"stat.mineBlock.astralsorcery.blockaltar":1,"stat.timeSinceDeath":38887,"stat.craftItem.actuallyadditions.item_food":10,"stat.craftItem.minecraft.sapling":1,"stat.craftItem.forestry.wood_pile":1,"stat.pickup.actuallyadditions.item_rice_seed":2,"stat.craftItem.astralsorcery.blockmarble":120,"stat.mineBlock.botania.livingwood":8,"stat.craftItem.minecraft.concrete_powder":8,"stat.useItem.tconstruct.rack":13,"stat.killEntity.Creeper":31,"stat.pickup.botania.manabottle":2,"stat.pickup.botania.manaresource":4027,"stat.pickup.minecraft.string":4,"stat.useItem.tconstruct.edible":3,"stat.useItem.astralsorcery.blockmarble":68,"stat.craftItem.minecraft.stone_slab2":7,"stat.pickup.botania.petal":169,"stat.pickup.astralsorcery.blockmachine":2,"stat.craftItem.botania.manaresource":3,"stat.craftItem.tconstruct.tooltables":5,"stat.sprintOneCm":5436,"stat.killEntity.ancient_golem":8,"stat.mineBlock.minecraft.stone_slab":33,"stat.craftItem.minecraft.stick":82,"stat.useItem.minecraft.stone_slab":282,"stat.craftItem.agricraft.crop_sticks":32,"stat.useItem.carryon.tile_item":3,"stat.pickup.agricraft.agri_seed":60,"stat.craftItem.minecraft.stone":174,"stat.pickup.integrateddynamics.menril_log":203,"stat.pickup.betterwithmods.gravel_pile":12,"stat.drop":57,"stat.craftItem.actuallyadditions.item_misc":16,"stat.killEntity.Zombie":32,"stat.drop.tconstruct.mattock":1,"stat.mineBlock.astralsorcery.blockmachine":1,"stat.craftItem.minecraft.dye":36,"stat.pickup.integrateddynamics.crystalized_menril_chunk":26,"stat.diveOneCm":46713,"stat.pickup.minecraft.wheat":99,"stat.craftItem.minecraft.sandstone":15,"stat.pickup.minecraft.gravel":87,"stat.craftItem.botania.altar":1,"stat.useItem.minecraft.apple":5,"stat.pickup.minecraft.obsidian":11,"stat.pickup.astralsorcery.itemrockcrystalsimple":9,"stat.craftItem.betterwithmods.material":2,"stat.jump":320,"stat.useItem.minecraft.sand":4,"stat.craftItem.tconstruct.rack":10,"stat.pickup.forestry.wood_pile":1,"stat.pickup.betterwithmods.material":197,"stat.craftItem.botania.pestleandmortar":1,"stat.useItem.minecraft.stone_axe":34,"stat.drop.betterwithmods.material":14,"stat.pickup.minecraft.dirt":85,"stat.pickup.integrateddynamics.menril_planks":2,"stat.useItem.astralsorcery.blockblackmarble":21,"stat.useItem.minecraft.sapling":15,"stat.pickup.actuallyadditions.item_flax_seed":3,"stat.pickup.actuallyadditions.item_coffee_seed":2,"stat.mineBlock.tconstruct.tooltables":1,"stat.damageTaken":2344,"stat.mineBlock.minecraft.red_flower":16,"stat.mineBlock.minecraft.sapling":1,"stat.pickup.minecraft.reeds":14,"stat.pickup.astralsorcery.itemlinkingtool":1,"stat.useItem.integrateddynamics.menril_log":7,"stat.pickup.minecraft.potato":37,"stat.drop.extrautils2.wateringcan":2,"stat.damageDealt":25036,"stat.craftItem.minecraft.glass":9,"stat.pickup.extrautils2.wateringcan":2,"stat.craftItem.minecraft.bowl":4,"stat.pickup.actuallyadditions.item_canola_seed":2,"stat.craftItem.minecraft.gravel":3,"stat.drop.botania.petal":12,"stat.craftItem.minecraft.stone_slab":522,"stat.craftItem.minecraft.stone_shovel":1,"stat.walkOneCm":715271,"stat.useItem.minecraft.chest":5,"stat.pickup.minecraft.clay_ball":20,"stat.useItem.actuallyadditions.item_worm":2,"stat.useItem.minecraft.melon":9,"stat.pickup.tombstone.grave_dust":12,"stat.pickup.minecraft.stone":6,"stat.pickup.betterwithmods.manual":1,"stat.pickup.minecraft.ender_pearl":3,"stat.mineBlock.integrateddynamics.menril_leaves":5,"stat.killEntity.Skeleton":32,"stat.drop.tconstruct.rack":6,"stat.craftItem.integrateddynamics.menril_torch":24,"stat.pickup.wct.infinity_booster_card":1,"stat.pickup.astralsorcery.itemcraftingcomponent":57,"stat.mobKills":137,"stat.drop.actuallyadditions.item_canola_seed":2,"stat.craftItem.botania.spreader":1,"stat.mineBlock.minecraft.leaves":1,"stat.pickup.minecraft.beetroot_seeds":14,"stat.mineBlock.astralsorcery.blockcustomsandore":19,"stat.pickup.astralsorcery.blockmarble":80,"stat.useItem.minecraft.sandstone":17,"stat.pickup.botania.livingrock":11}