{"stat.pickup.minecraft.wooden_slab":3,"stat.useItem.minecraft.iron_axe":44,"stat.pickup.cyclicmagic.energy_pipe":2,"stat.mineBlock.minecraft.cobblestone":20,"stat.mineBlock.enderio.block_simple_sag_mill":1,"stat.pickup.forestry.can":1,"stat.useItem.minecraft.clay":30,"stat.mineBlock.forestry.carpenter":1,"stat.craftItem.minecraft.coal":25,"stat.useItem.claysoldiers.doll_soldier":17,"stat.jump":58,"stat.fallOneCm":2307,"stat.useItem.minecraft.stone_axe":94,"stat.useItem.projecte.item.pe_philosophers_stone":432,"stat.crouchOneCm":83745,"stat.useItem.minecraft.dirt":445,"stat.pickup.minecraft.dirt":15,"stat.mineBlock.minecraft.lever":1,"stat.useItem.minecraft.stone_slab2":54,"stat.craftingTableInteraction":26,"stat.craftItem.minecraft.furnace":1,"stat.useItem.minecraft.sapling":27,"stat.craftItem.minecraft.stone_axe":1,"stat.mineBlock.minecraft.leaves2":2,"stat.damageTaken":1470,"stat.craftItem.minecraft.stone_pickaxe":1,"stat.mineBlock.minecraft.furnace":1,"stat.mineBlock.minecraft.torch":2,"stat.useItem.minecraft.wooden_pickaxe":21,"stat.pickup.forestry.carpenter":1,"stat.mineBlock.minecraft.sapling":3,"stat.pickup.minecraft.cobblestone":20,"stat.mineBlock.minecraft.wooden_slab":6,"stat.mineBlock.projecte.transmutation_table":2,"stat.mineBlock.cyclicmagic.fluid_pipe":2,"stat.mineBlock.minecraft.clay":1098,"stat.useItem.minecraft.stone_shovel":131,"stat.craftItem.claysoldiers.doll_soldier":28,"stat.useItem.minecraft.stone_pickaxe":4,"stat.craftItem.minecraft.wooden_slab":210,"stat.drop.minecraft.clay_ball":37,"stat.damageDealt":1120,"stat.timeSinceDeath":57449,"stat.craftItem.minecraft.sapling":1,"stat.craftItem.claybucket.claybucket":1,"stat.mineBlock.minecraft.dirt":16,"stat.useItem.minecraft.iron_pickaxe":9,"stat.craftItem.minecraft.wooden_pickaxe":1,"stat.useItem.minecraft.wooden_slab":120,"stat.craftItem.openblocks.tasty_clay":35,"stat.craftItem.claybucket.unfiredclaybucket":1,"stat.useItem.minecraft.iron_shovel":378,"stat.craftItem.minecraft.stone_shovel":1,"stat.walkOneCm":124871,"stat.drop.claysoldiers.doll_soldier":1,"stat.useItem.minecraft.torch":7,"stat.useItem.minecraft.log":1,"stat.pickup.minecraft.crafting_table":2,"stat.pickup.minecraft.clay_ball":3631,"stat.craftItem.minecraft.crafting_table":1,"stat.furnaceInteraction":11,"stat.pickup.claysoldiers.doll_soldier":15,"stat.drop.minecraft.dirt":1,"stat.useItem.openblocks.tasty_clay":11,"stat.useItem.minecraft.cooked_porkchop":1,"stat.craftItem.projecte.item.pe_philosophers_stone":2,"stat.mineBlock.forestry.bottler":4,"stat.pickup.minecraft.log":150,"stat.mineBlock.enderio.block_simple_stirling_generator":2,"stat.pickup.projecte.item.pe_philosophers_stone":1,"stat.pickup.minecraft.furnace":1,"stat.craftItem.minecraft.stone_slab2":0,"stat.drop.minecraft.sapling":3,"stat.pickup.projecte.transmutation_table":2,"stat.pickup.minecraft.sapling":71,"stat.pickup.forestry.bottler":4,"stat.sprintOneCm":9546,"stat.useItem.minecraft.diamond_shovel":9,"stat.craftItem.minecraft.stick":12,"stat.craftItem.minecraft.wooden_axe":1,"stat.craftItem.minecraft.planks":320,"stat.craftItem.minecraft.stone":3,"stat.useItem.minecraft.flint_and_steel":5,"stat.pickup.enderio.block_simple_stirling_generator":2,"stat.craftItem.minecraft.dirt":2256,"stat.mineBlock.minecraft.crafting_table":2,"stat.pickup.claysoldiers.doll_brick_soldier":3,"stat.useItem.minecraft.wooden_shovel":59,"stat.mobKills":10,"stat.craftItem.minecraft.clay_ball":8,"stat.pickup.cyclicmagic.fluid_pipe":2,"stat.mineBlock.minecraft.log":150,"stat.mineBlock.forestry.squeezer":1,"stat.pickup.minecraft.lever":1,"stat.deaths":6,"stat.craftItem.projecte.transmutation_table":1,"stat.drop":14,"stat.mineBlock.minecraft.leaves":1224,"stat.pickup.forestry.squeezer":1,"stat.playOneMinute":143966,"stat.craftItem.minecraft.wooden_shovel":1,"stat.pickup.enderio.block_simple_sag_mill":1,"stat.pickup.minecraft.torch":2,"stat.sneakTime":19305,"stat.mineBlock.cyclicmagic.energy_pipe":2,"stat.useItem.minecraft.wooden_axe":59,"stat.craftItem.minecraft.clay":606,"stat.useItem.cyclicmagic.energy_pipe":2}