{
  "triumph:example/hasstone": {
    "criteria": {
      "hasRock": "2018-09-12 13:20:17 +0200"
    },
    "done": true
  },
  "triumph:example/silicon": {
    "criteria": {
      "hasRock": "2018-09-12 14:12:21 +0200"
    },
    "done": true
  },
  "triumph:example/root": {
    "criteria": {
      "location": "2018-09-12 12:59:26 +0200"
    },
    "done": true
  },
  "triumph:example/soldier": {
    "criteria": {
      "hasRock": "2018-09-12 14:18:23 +0200"
    },
    "done": true
  },
  "triumph:example/endroot": {
    "criteria": {
      "hasRock": "2018-09-12 14:08:47 +0200"
    },
    "done": true
  },
  "triumph:example/tablecraft": {
    "criteria": {
      "crafted": "2018-09-12 13:21:40 +0200"
    },
    "done": true
  },
  "triumph:example/claybucket": {
    "criteria": {
      "hasRock": "2018-09-12 13:33:00 +0200"
    },
    "done": true
  },
  "triumph:example/clay1": {
    "criteria": {
      "brokeClay": "2018-09-12 12:59:37 +0200"
    },
    "done": true
  },
  "triumph:example/dirtcraft": {
    "criteria": {
      "crafted": "2018-09-12 13:06:54 +0200"
    },
    "done": true
  },
  "triumph:example/treecraft": {
    "criteria": {
      "crafted": "2018-09-12 13:07:18 +0200"
    },
    "done": true
  },
  "triumph:example/tastyclay": {
    "criteria": {
      "consumed": "2018-09-12 13:24:31 +0200"
    },
    "done": true
  },
  "triumph:example/claycraft": {
    "criteria": {
      "crafted": "2018-09-12 13:04:32 +0200"
    },
    "done": true
  },
  "triumph:example/bee1": {
    "criteria": {
      "hasRock": "2018-09-12 15:12:24 +0200"
    },
    "done": true
  }
}