{"stat.useItem.refinedstorage.grid":4,"stat.useItem.minecraft.bow":23,"stat.pickup.actuallyadditions.itemDust":19,"stat.pickup.minecraft.wooden_slab":562,"stat.leaveGame":8,"stat.pickup.extrautils2.redorchid":1,"stat.mineBlock.cookingforblockheads.cowJar":2,"stat.pickup.tconstruct.edible":5,"stat.pickup.actuallyadditions.itemCrafterOnAStick":6,"stat.craftItem.excompressum.compressed_hammer_stone":2,"stat.useItem.enderio.blockEndermanSkull":1,"achievement.actuallyadditions.openBookletMilestone":{"value":0,"progress":["1"]},"stat.craftItem.chesttransporter.chesttransporter_obsidian":1,"stat.craftItem.cookingforblockheads.milkJar":1,"stat.pickup.simpleachievements.achievement_book":3,"stat.useItem.elevatorid.elevator_white":4,"stat.mineBlock.gravestone.gravestone":4,"stat.craftItem.exnihiloadscensio.itemOreGold":396,"stat.craftItem.extrautils2.endershard":8,"stat.pickup.minecraft.rotten_flesh":359,"stat.pickup.minecraft.bucket":3,"stat.killEntity.Enderman":7,"stat.mineBlock.minecraft.wooden_slab":368,"stat.pickup.roots.oldRoot":4,"stat.pickup.minecraft.leather_boots":1,"stat.useItem.minecraft.anvil":2,"stat.pickup.minecraft.brown_mushroom":1,"achievement.buildPickaxe":7,"stat.craftItem.exnihiloadscensio.blockBarrel1":6,"stat.craftItem.exnihiloadscensio.blockBarrel0":15,"stat.craftItem.excompressum.compressed_hammer_diamond":2,"stat.craftItem.excompressum.bait":6,"stat.useItem.hatchery.pen":29,"stat.useItem.minecraft.iron_pickaxe":198,"stat.craftItem.tp.diamond_cobblegen_block":2,"stat.pickup.excompressum.heavy_sieve":1,"stat.pickup.exnihiloadscensio.itemSeedAcacia":2,"stat.craftItem.minecraft.glass_pane":16,"stat.mineBlock.excompressum.auto_hammer":8,"stat.craftItem.tp.iron_cobblegen_block":2,"stat.mineBlock.excompressum.auto_sieve":4,"stat.furnaceInteraction":137,"stat.useItem.minecraft.nether_wart":4,"stat.useItem.chickens.spawn_egg":1,"stat.craftItem.exnihiloadscensio.itemOreNickel":289,"stat.pickup.chancecubes.chance_Cube":1,"stat.pickup.exnihiloadscensio.hammerDiamond":2,"stat.craftItem.exnihiloadscensio.itemMesh":7,"stat.drop.exnihiloadscensio.blockInfestedLeaves":1,"stat.craftItem.excompressum.compressed_crook":13,"stat.useItem.moreshears.diamondShears":3497,"stat.pickup.minecraft.beef":26,"stat.pickup.minecraft.hay_block":7,"stat.pickup.minecraft.leather_helmet":1,"stat.useItem.minecraft.fence":93,"stat.pickup.mysticalagriculture.tier1_inferium_seeds":15,"stat.craftItem.refinedstorage.cable":24,"stat.mineBlock.tp.diamond_cobblegen_block":3,"achievement.openInventory":1374,"stat.craftItem.actuallyadditions.blockMisc":7,"stat.pickup.tconstruct.smeltery_io":3,"stat.mineBlock.minecraft.fence":27,"stat.pickup.tp.iron_cobblegen_block":4,"stat.useItem.minecraft.flint_and_steel":1,"stat.pickup.exnihiloadscensio.itemSeedOak":3,"stat.useItem.minecraft.wheat_seeds":180,"stat.craftItem.minecraft.dropper":1,"stat.pickup.minecraft.emerald":31,"stat.useItem.minecraft.dye":541,"stat.pickup.actuallyadditions.itemHoeQuartz":1,"stat.pickup.minecraft.lever":7,"stat.deaths":4,"stat.useItem.refinedstorage.wireless_transmitter":4,"stat.useItem.tconstruct.smeltery_io":6,"stat.pickup.minecraft.egg":69,"stat.pickup.natura.nether_sapling":2,"stat.useItem.forge.bucketFilled":2,"stat.craftItem.minecraft.iron_pickaxe":1,"stat.craftItem.enderio.itemMaterial":262,"stat.useItem.enderio.itemPowerConduit":35,"stat.pickup.refinedstorage.cable":6,"stat.craftItem.immersiveengineering.metal":223,"stat.mineBlock.minecraft.tallgrass":115,"stat.pickup.tconstruct.seared":1,"stat.chestOpened":974,"stat.useItem.moarsigns.moar_sign":27,"stat.useItem.actuallyadditions.itemHoeQuartz":202,"stat.useItem.refinedstorage.cable":54,"stat.pickup.minecraft.arrow":144,"stat.pickup.extrautils2.compressedcobblestone":5,"stat.useItem.tp.cobblegen_block":3,"stat.craftItem.actuallyadditions.itemCrafterOnAStick":2,"stat.useItem.minecraft.clay":83,"stat.craftItem.excompressum.auto_heavy_sieve":1,"stat.craftItem.minecraft.coal":154,"stat.pickup.exnihiloadscensio.itemOreNickel":658,"stat.drop.refinedstorage.cable":2,"stat.pickup.tconstruct.cast_custom":9,"stat.pickup.minecraft.carrot":80,"stat.crouchOneCm":607553,"achievement.killCow":8,"stat.mineBlock.minecraft.chest":15,"stat.craftItem.minecraft.iron_ingot":456,"stat.craftItem.enderio.itemBasicFilterUpgrade":8,"stat.craftItem.minecraft.hopper":9,"stat.craftingTableInteraction":23,"stat.craftItem.enderio.blockSagMill":1,"stat.mineBlock.tconstruct.rack":14,"stat.mineBlock.exnihiloadscensio.blockBarrel1":13,"stat.mineBlock.exnihiloadscensio.blockBarrel0":24,"stat.pickup.extrautils2.spike_stone":8,"stat.mineBlock.chickens.henhouse":4,"stat.craftItem.tconstruct.pattern":22,"stat.pickup.exnihiloadscensio.itemMaterial":368,"stat.useItem.minecraft.reeds":10,"stat.mineBlock.tconstruct.smeltery_io":3,"stat.useItem.exnihiloadscensio.itemSeedOak":1,"stat.craftItem.tconstruct.seared_glass":36,"stat.pickup.minecraft.dye":1168,"stat.pickup.minecraft.planks":283,"stat.pickup.tconstruct.binding":1,"stat.craftItem.exnihiloadscensio.hammerIron":46,"stat.useItem.exnihiloadscensio.hammerDiamond":20,"stat.pickup.minecraft.wheat_seeds":974,"stat.drop.extrautils2.spike_stone":2,"stat.drop.ironbackpacks.basicBackpack":1,"stat.craftItem.minecraft.magma":1,"stat.mineBlock.minecraft.dirt":136,"stat.drop.refinedstorage.quartz_enriched_iron":35,"stat.pickup.minecraft.poisonous_potato":3,"stat.useItem.refinedstorage.solderer":3,"stat.pickup.exnihiloadscensio.itemSeedPotato":2,"stat.pickup.immersiveengineering.seed":1,"stat.craftItem.extrautils2.spike_stone":4,"stat.craftItem.refinedstorage.solderer":1,"stat.useItem.minecraft.cobblestone":686,"stat.craftItem.enderio.itemMachinePart":5,"stat.useItem.minecraft.gravel":551,"stat.pickup.hatchery.nest":2,"stat.pickup.tconstruct.pickaxe":2,"stat.drop.tconstruct.sword_blade":1,"stat.useItem.tconstruct.pickaxe":270,"stat.pickup.refinedstorage.processor":4,"stat.pickup.exnihiloadscensio.itemOreLead":641,"stat.craftItem.minecraft.gold_ingot":32,"stat.pickup.minecraft.chicken":16,"stat.pickup.minecraft.apple":186,"stat.craftItem.immersiveengineering.tool":1,"stat.pickup.minecraft.banner":2,"stat.craftItem.enderio.blockCapBank":1,"achievement.portal":2,"stat.craftItem.minecraft.bucket":1,"stat.pickup.refinedstorage.storage_disk":1,"stat.craftItem.minecraft.planks":3545,"stat.craftItem.refinedstorage.storage_disk":2,"stat.mineBlock.minecraft.log":1435,"stat.breakItem.moreshears.diamondShears":4,"stat.drop.enderio.blockAlloySmelter":1,"achievement.acquireIron":78,"stat.craftItem.minecraft.paper":51,"stat.pickup.minecraft.red_flower":18,"stat.pickup.minecraft.wool":28,"stat.mineBlock.storagedrawers.basicDrawers":4,"stat.craftItem.exnihiloadscensio.itemMaterial":140,"stat.craftItem.minecraft.cobblestone":101,"stat.mineBlock.darkutils.trap_move":1,"stat.useItem.rftools.crafter1":6,"stat.craftItem.excompressum.auto_sieve":3,"stat.pickup.exnihiloadscensio.blockBarrel0":24,"stat.killEntity.headcrumbs.Human":45,"stat.pickup.exnihiloadscensio.blockBarrel1":13,"stat.useItem.enderio.itemLiquidConduit":33,"stat.drop.refinedstorage.wireless_transmitter":64,"stat.drop.exnihiloadscensio.itemMesh":2,"stat.drop.enderio.itemMaterial":13,"stat.mineBlock.minecraft.cobblestone":394,"stat.pickup.minecraft.flint":119,"stat.mineBlock.minecraft.yellow_flower":14,"stat.useItem.refinedstorage.disk_drive":4,"stat.craftItem.minecraft.wool":18,"stat.useItem.enderio.blockCapBank":2,"stat.pickup.hatchery.animalnet":1,"achievement.buildWorkBench":15,"stat.useItem.exnihiloadscensio.crookWood":516,"stat.craftItem.chickens.henhouse":1,"stat.useItem.minecraft.obsidian":10,"stat.pickup.refinedstorage.grid":1,"stat.pickup.minecraft.bow":5,"stat.craftItem.minecraft.furnace":15,"stat.pickup.refinedstorage.solderer":1,"stat.useItem.minecraft.egg":33,"stat.pickup.tp.cobblegen_block":3,"stat.useItem.storagedrawers.basicDrawers":23,"stat.useItem.mob_grinding_utils.fan":22,"stat.craftItem.minecraft.cooked_beef":4,"stat.craftItem.minecraft.bow":2,"stat.mineBlock.minecraft.clay":83,"stat.useItem.actuallyadditions.blockGiantChest":12,"stat.flyOneCm":265157,"stat.craftItem.actuallyadditions.itemMisc":60,"stat.pickup.minecraft.fish":2,"stat.useItem.extrautils2.compressedgravel":131,"stat.pickup.excompressum.auto_hammer":8,"stat.useItem.excompressum.auto_hammer":11,"stat.timeSinceDeath":760541,"stat.useItem.minecraft.wooden_slab":2543,"stat.craftItem.minecraft.iron_block":2,"stat.killEntity.Bat":3,"stat.pickup.hatchery.chickenmanure":162,"stat.mineBlock.excompressum.bait":5,"stat.craftItem.minecraft.stonebrick":16,"stat.pickup.exnihiloadscensio.itemOreGold":1097,"stat.useItem.minecraft.potato":16,"stat.mineBlock.enderio.blockCapBank":1,"stat.craftItem.tconstruct.seared":134,"stat.pickup.minecraft.nether_wart":11,"stat.useItem.tconstruct.rack":14,"stat.craftItem.excompressum.auto_compressed_hammer":2,"stat.killEntity.Creeper":28,"stat.craftItem.refinedstorage.quartz_enriched_iron":100,"stat.useItem.simplegenerators.lava_generator":12,"stat.pickup.minecraft.string":338,"stat.pickup.extrautils2.glasscutter":1,"stat.useItem.minecraft.milk_bucket":5,"achievement.buildSword":13,"stat.useItem.minecraft.written_book":1,"stat.craftItem.tconstruct.tooltables":5,"stat.craftItem.excompressum.heavy_sieve":2,"stat.breakItem.excompressum.compressed_hammer_stone":2,"stat.sprintOneCm":1056480,"stat.mineBlock.minecraft.stone_slab":42,"stat.useItem.minecraft.hay_block":5,"stat.pickup.actuallyadditions.itemShovelObsidian":1,"stat.craftItem.mysticalagriculture.tier1_inferium_seeds":16,"stat.pickup.minecraft.leather_leggings":1,"stat.craftItem.minecraft.redstone_lamp":8,"stat.useItem.ceramics.clay_bucket":41,"achievement.killEnemy":139,"stat.useItem.tconstruct.seared_tank":1,"stat.pickup.refinedstorage.upgrade":8,"stat.pickup.minecraft.sugar":9,"stat.pickup.enderio.itemBasicFilterUpgrade":2,"stat.useItem.minecraft.banner":3,"stat.killEntity.Zombie":39,"stat.craftItem.minecraft.dye":569,"stat.pickup.minecraft.snowball":4,"stat.pickup.enderio.blockEndermanSkull":1,"stat.diveOneCm":193232,"stat.pickup.minecraft.wheat":1070,"stat.pickup.tconstruct.tooltables":1,"stat.pickup.exnihiloadscensio.itemSeedJungle":6,"stat.mineBlock.tp.iron_cobblegen_block":4,"achievement.buildHoe":2,"stat.useItem.excompressum.bait":9,"stat.pickup.minecraft.obsidian":20,"stat.useItem.harvestcraft.toastItem":23,"stat.pickup.exnihiloadscensio.itemPebble":214,"achievement.simplegenerators.craft_lava_gen":8,"stat.mineBlock.refinedstorage.solderer":1,"stat.drop.refinedstorage.grid":1,"stat.useItem.minecraft.rotten_flesh":2,"stat.jump":4263,"stat.useItem.minecraft.sand":201,"stat.pickup.minecraft.coal":1758,"stat.pickup.enderio.blockAlloySmelter":7,"stat.pickup.minecraft.iron_ingot":13,"stat.craftItem.minecraft.lever":15,"stat.useItem.exnihiloadscensio.itemSeedSugarcane":4,"stat.craftItem.refinedstorage.grid":1,"stat.pickup.minecraft.gunpowder":166,"stat.craftItem.actuallyadditions.blockGiantChest":7,"stat.craftItem.minecraft.torch":152,"stat.craftItem.exnihiloadscensio.itemOreLead":294,"stat.useItem.cookingforblockheads.cowJar":2,"stat.pickup.minecraft.dirt":638,"achievement.makeBread":62,"stat.drop.darkutils.trap_move":1,"stat.pickup.exnihiloadscensio.itemSeedSugarcane":6,"stat.useItem.minecraft.sapling":225,"stat.pickup.minecraft.cookie":3,"stat.damageTaken":5023,"stat.mineBlock.minecraft.torch":41,"stat.pickup.minecraft.written_book":3,"stat.mineBlock.minecraft.melon_block":10,"stat.mineBlock.minecraft.red_flower":18,"stat.pickup.immersiveengineering.metal":1,"stat.mineBlock.minecraft.sapling":3,"stat.pickup.ironbackpacks.basicBackpack":1,"stat.craftItem.minecraft.glowstone":16,"stat.craftItem.hatchery.animalnet":1,"stat.pickup.tconstruct.ingots":1,"stat.pickup.minecraft.potato":65,"stat.mineBlock.minecraft.fence_gate":1,"stat.useItem.exnihiloadscensio.hammerIron":511,"stat.craftItem.enderio.blockFusedQuartz":64,"stat.craftItem.extrautils2.compressedsand":64,"stat.craftItem.simpleachievements.achievement_book":1,"stat.pickup.enderio.blockSagMill":2,"stat.craftItem.exnihiloadscensio.blockSieve":4,"stat.pickup.environmentaltech.digital_guide":1,"stat.craftItem.extrautils2.wateringcan":1,"stat.useItem.hatchery.chickenmanure":42,"stat.useItem.excompressum.auto_heavy_sieve":2,"stat.craftItem.exnihiloadscensio.itemOreAluminium":36,"stat.craftItem.minecraft.stone_slab":996,"stat.craftItem.hatchery.nursery_block":1,"stat.pickup.hatchery.hatcheryegg":2,"stat.animalsBred":18,"stat.useItem.minecraft.chest":41,"stat.craftItem.tconstruct.smeltery_io":3,"stat.drop.minecraft.wheat":10,"stat.mineBlock.exnihiloadscensio.blockSieve":4,"stat.useItem.minecraft.lava_bucket":16,"stat.craftItem.enderio.itemAlloy":31,"stat.pickup.harvestcraft.donutItem":1,"stat.craftItem.rftools.coalgenerator":1,"stat.useItem.tconstruct.faucet":5,"stat.pickup.exnihiloadscensio.blockSieve":4,"stat.pickup.bigreactors.dustmetals":1,"stat.pickup.minecraft.ender_pearl":10,"stat.mineBlock.refinedstorage.cable":6,"stat.craftItem.enderio.itemLiquidConduit":40,"stat.mineBlock.refinedstorage.grid":1,"stat.useItem.hatchery.fertilized_dirt":80,"stat.mobKills":191,"stat.pickup.cookingforblockheads.spiceRack":1,"stat.pickup.minecraft.diamond":133,"stat.pickup.minecraft.torch":91,"stat.craftItem.refinedstorage.controller":1,"stat.pickup.rftools.coalgenerator":2,"stat.mineBlock.tp.cobblegen_block":3,"stat.breakItem.exnihiloadscensio.crookWood":4,"stat.craftItem.harvestcraft.mayoItem":3,"stat.useItem.betterbuilderswands.wandIron":20,"stat.pickup.tconstruct.book":2,"stat.breakItem.chesttransporter.chesttransporter":1,"stat.pickup.tp.diamond_cobblegen_block":3,"stat.drop.excompressum.compressed_hammer_iron":1,"stat.craftItem.enderio.blockStirlingGenerator":1,"stat.useItem.extrautils2.spike_iron":4,"stat.pickup.enderio.itemPowerConduit":11,"stat.useItem.minecraft.soul_sand":10,"stat.drop.actuallyadditions.itemCrafterOnAStick":5,"stat.mineBlock.extrautils2.compressedcobblestone":1303,"stat.useItem.minecraft.planks":460,"stat.useItem.rftools.coalgenerator":2,"stat.drop.tconstruct.pickaxe":1,"stat.pickup.harvestcraft.toastItem":23,"stat.pickup.minecraft.glowstone_dust":12,"stat.pickup.minecraft.porkchop":1,"stat.pickup.minecraft.blaze_powder":13,"stat.craftItem.hatchery.nest":25,"stat.useItem.minecraft.water_bucket":190,"stat.useItem.exnihiloadscensio.blockInfestedLeaves":1,"stat.pickup.minecraft.sand":1765,"stat.pickup.darkutils.trap_move":2,"stat.pickup.chickens.henhouse":4,"stat.craftItem.exnihiloadscensio.blockCrucible":40,"achievement.diamonds":133,"stat.craftItem.moreshears.diamondShears":6,"stat.craftItem.tconstruct.casting":11,"stat.craftItem.ironbackpacks.basicBackpack":1,"stat.useItem.exnihiloadscensio.blockCrucible":40,"stat.useItem.exnihiloadscensio.itemSeedBirch":1,"stat.useItem.hatchery.nursery_block":3,"stat.craftItem.minecraft.stone_sword":3,"stat.mineBlock.minecraft.sand":201,"stat.craftItem.harvestcraft.toastItem":31,"stat.craftItem.minecraft.wooden_hoe":1,"achievement.buildBetterPickaxe":6,"stat.pickup.actuallyadditions.itemBooklet":2,"stat.useItem.minecraft.fence_gate":3,"stat.mineBlock.enderio.blockAlloySmelter":7,"stat.breakItem.excompressum.compressed_hammer_iron":3,"stat.useItem.minecraft.spawn_egg":1,"stat.useItem.exnihiloadscensio.itemSeedCarrot":1,"stat.useItem.excompressum.heavy_sieve":2,"stat.craftItem.minecraft.magma_cream":4,"stat.useItem.minecraft.oak_stairs":18,"stat.useItem.harvestcraft.applejuiceItem":15,"stat.craftItem.exnihiloadscensio.itemOreIron":1230,"stat.craftItem.refinedstorage.machine_casing":2,"stat.useItem.refinedstorage.wireless_crafting_monitor":1,"stat.pickup.moreshears.diamondShears":1,"stat.pickup.minecraft.fence_gate":1,"stat.craftItem.exnihiloadscensio.itemOreSilver":46,"stat.pickup.hatchery.pen":14,"stat.pickup.minecraft.furnace":13,"stat.craftItem.minecraft.ender_pearl":1,"stat.useItem.minecraft.redstone":10,"stat.breakItem.actuallyadditions.itemHoeQuartz":1,"stat.mineBlock.minecraft.redstone_lamp":4,"achievement.mineWood":1146,"stat.mineBlock.excompressum.auto_heavy_sieve":1,"stat.breakItem.exnihiloadscensio.hammerStone":3,"stat.pickup.minecraft.skull":4,"stat.useItem.minecraft.stone_stairs":19,"stat.craftItem.excompressum.compressed_hammer_iron":5,"stat.craftItem.ironbackpacks.crafting":3,"stat.craftItem.chickens.colored_egg":7,"stat.useItem.tconstruct.seared_glass":36,"stat.pickup.minecraft.stone_stairs":18,"stat.mineBlock.rftools.crafter1":4,"stat.craftItem.minecraft.fence_gate":2,"stat.craftItem.minecraft.sand":45,"stat.craftItem.moarsigns.moar_sign":24,"stat.useItem.minecraft.hopper":1,"stat.mineBlock.minecraft.soul_sand":5,"stat.craftItem.minecraft.heavy_weighted_pressure_plate":10,"stat.mineBlock.exnihiloadscensio.blockCrucible":24,"stat.mineBlock.minecraft.oak_stairs":18,"stat.useItem.hatchery.animalnet":98,"stat.playOneMinute":2240760,"stat.useItem.exnihiloadscensio.hammerStone":490,"stat.pickup.tconstruct.rack":14,"stat.useItem.tp.iron_cobblegen_block":4,"stat.useItem.cookingforblockheads.milkJar":1,"stat.pickup.minecraft.iron_bars":8,"stat.craftItem.darkutils.trap_move":24,"stat.pickup.exnihiloadscensio.itemMesh":13,"achievement.actuallyadditions.openBooklet":1,"stat.pickup.tconstruct.casting":30,"stat.craftItem.tp.cobblegen_block":2,"stat.craftItem.extrautils2.spike_iron":4,"stat.pickup.cookingforblockheads.cowJar":2,"stat.pickup.moarsigns.moar_sign":23,"stat.pickup.exnihiloadscensio.itemSeedBirch":4,"stat.drop.minecraft.flint":11,"stat.breakItem.excompressum.compressed_crook":12,"stat.pickup.exnihiloadscensio.blockCrucible":21,"stat.pickup.simplecorn.kernels":5,"stat.fallOneCm":68170,"stat.pickup.excompressum.compressed_crook":1,"stat.pickup.minecraft.melon_seeds":3,"stat.mineBlock.enderio.blockStirlingGenerator":1,"stat.mineBlock.excompressum.auto_compressed_hammer":2,"stat.craftItem.minecraft.chest":64,"stat.mineBlock.minecraft.lever":5,"stat.pickup.minecraft.red_mushroom":5,"stat.entityKilledBy.headcrumbs.Human":1,"stat.pickup.minecraft.melon":49,"stat.pickup.mysticalagriculture.prosperity_shard":4,"stat.craftItem.hatchery.fertilized_dirt":80,"stat.pickup.minecraft.feather":12,"stat.useItem.minecraft.furnace":14,"stat.pickup.exnihiloadscensio.itemSeedDarkOak":5,"stat.pickup.actuallyadditions.itemShovelQuartz":1,"stat.craftItem.tconstruct.materials":545,"stat.useItem.excompressum.compressed_crook":7142,"stat.craftItem.extrautils2.ingredients":1,"stat.useItem.refinedstorage.wireless_grid":2,"stat.mineBlock.minecraft.gravel":537,"stat.craftItem.tconstruct.seared_tank":1,"stat.pickup.mob_grinding_utils.fan":11,"stat.useItem.minecraft.wool":2,"stat.craftItem.minecraft.oak_stairs":8,"stat.craftItem.rftools.machine_frame":11,"stat.useItem.extrautils2.spike_stone":8,"stat.pickup.enderio.itemItemConduit":41,"stat.useItem.minecraft.torch":139,"stat.craftItem.minecraft.redstone_block":10,"stat.craftItem.minecraft.stone_stairs":20,"stat.useItem.minecraft.log":76,"stat.pickup.minecraft.crafting_table":1,"stat.craftItem.minecraft.crafting_table":9,"stat.craftItem.extrautils2.compressedgravel":1171,"stat.mineBlock.enderio.blockConduitBundle":56,"stat.craftItem.ceramics.clay_bucket":6,"stat.pickup.excompressum.bait":5,"stat.pickup.minecraft.log":1504,"stat.pickup.rftools.crafter1":4,"stat.pickup.exnihiloadscensio.blockInfestedLeaves":22,"stat.craftItem.mob_grinding_utils.fan":12,"stat.drop.minecraft.planks":1,"stat.drop.refinedstorage.disk_drive":1,"stat.pickup.minecraft.sapling":1721,"stat.pickup.exnihiloadscensio.itemOreCopper":258,"stat.entityKilledBy.Enderman":1,"stat.craftItem.exnihiloadscensio.itemOreCopper":85,"stat.craftItem.tconstruct.smeltery_controller":1,"stat.craftItem.enderio.itemItemConduit":48,"stat.pickup.actuallyadditions.itemMisc":12,"stat.pickup.tconstruct.broadsword":4,"stat.useItem.hatchery.nest":8,"stat.useItem.enderio.itemItemConduit":85,"stat.craftItem.enderio.blockAlloySmelter":1,"stat.pickup.extrautils2.spike_iron":4,"stat.pickup.refinedstorage.wireless_transmitter":3,"stat.pickup.actuallyadditions.blockGiantChest":4,"ftbl.stat.first_joined":{"value":0,"progress":1534615349291},"stat.craftItem.hatchery.pen":19,"stat.craftItem.minecraft.cooked_chicken":9,"stat.drop.harvestcraft.toastItem":1,"stat.drop.tconstruct.hatchet":1,"stat.sneakTime":185182,"stat.drop.minecraft.bucket":1,"stat.mineBlock.extrautils2.compressedgravel":131,"stat.mineBlock.hatchery.nest":2,"stat.pickup.minecraft.stone_slab":46,"stat.pickup.minecraft.yellow_flower":14,"stat.pickup.actuallyadditions.itemRiceSeed":17,"stat.useItem.excompressum.compressed_hammer_iron":1171,"stat.pickup.minecraft.chest":19,"stat.useItem.mysticalagriculture.tier1_inferium_seeds":31,"stat.pickup.minecraft.bone":346,"stat.craftItem.minecraft.sticky_piston":2,"stat.craftItem.ceramics.unfired_clay":6,"stat.mineBlock.extrautils2.spike_stone":6,"stat.drop.minecraft.red_mushroom":1,"stat.craftItem.tconstruct.faucet":5,"stat.mineBlock.minecraft.brown_mushroom":1,"stat.mineBlock.enderio.blockSagMill":2,"stat.craftItem.rftools.crafter1":2,"stat.craftItem.extrautils2.glasscutter":1,"stat.craftItem.extrautils2.compressedcobblestone":1139,"stat.swimOneCm":131777,"stat.useItem.refinedstorage.controller":2,"stat.mineBlock.hatchery.nursery_block":1,"stat.pickup.lootbags.itemlootbag":44,"stat.pickup.excompressum.auto_sieve":4,"stat.useItem.minecraft.dirt":442,"stat.drop.minecraft.quartz":6,"achievement.exploreAllBiomes":{"value":0,"progress":["ForestHills","Forest","Hell"]},"stat.pickup.roots.verdantSprig":1,"stat.mineBlock.extrautils2.spike_iron":4,"stat.pickup.minecraft.anvil":2,"stat.useItem.actuallyadditions.itemPickaxeQuartz":18,"stat.pickup.minecraft.cobblestone":2151,"stat.useItem.hatchery.hatcheryegg":128,"stat.useItem.exnihiloadscensio.blockBarrel0":39,"stat.pickup.minecraft.clay":147,"stat.pickup.minecraft.soul_sand":56,"stat.useItem.exnihiloadscensio.blockBarrel1":19,"stat.pickup.minecraft.glass_bottle":2,"stat.craftItem.minecraft.wooden_slab":3114,"stat.useItem.minecraft.cooked_beef":1,"stat.craftItem.extrautils2.compresseddirt":4,"stat.pickup.extrautils2.compressedgravel":3,"stat.drop.minecraft.clay_ball":6,"stat.pickup.minecraft.redstone":16,"stat.useItem.tconstruct.broadsword":32,"stat.pickup.actuallyadditions.itemFood":43,"stat.pickup.integrateddynamics.on_the_dynamics_of_integration":2,"stat.useItem.extrautils2.user":3,"stat.useItem.minecraft.lever":19,"stat.useItem.enderio.blockSagMill":3,"achievements.xu2.techtree.start":4,"stat.pickup.minecraft.redstone_lamp":4,"stat.useItem.minecraft.cooked_porkchop":1,"stat.craftItem.tconstruct.punji":15,"stat.pickup.exnihiloadscensio.hammerIron":7,"stat.craftItem.refinedstorage.core":2,"stat.useItem.enderio.blockStirlingGenerator":1,"stat.craftItem.tconstruct.soil":768,"stat.pickup.exnihiloadscensio.itemOreSilver":122,"stat.pickup.enderio.itemLiquidConduit":25,"stat.craftItem.minecraft.stick":620,"stat.useItem.minecraft.stone_slab":446,"stat.useItem.actuallyadditions.itemShovelObsidian":7,"stat.craftItem.minecraft.stone":107,"stat.craftItem.minecraft.gold_nugget":54,"stat.useItem.tconstruct.casting":36,"stat.pickup.hatchery.nursery_block":1,"stat.mineBlock.minecraft.crafting_table":1,"stat.drop.minecraft.leaves":1,"stat.useItem.minecraft.carrot":17,"stat.useItem.excompressum.compressed_hammer_stone":264,"stat.pickup.excompressum.auto_compressed_hammer":2,"achievement.buildFurnace":16,"stat.mineBlock.minecraft.planks":177,"stat.drop":40,"stat.useItem.tp.diamond_cobblegen_block":5,"stat.useItem.tconstruct.seared":124,"stat.craftItem.moarsigns.nugget":9,"stat.useItem.minecraft.melon_seeds":3,"stat.pickup.opencomputers.tool":1,"stat.craftItem.minecraft.clay":41,"stat.pickup.enderio.itemMaterial":9,"stat.craftItem.minecraft.piston":5,"stat.useItem.exnihiloadscensio.itemMaterial":8,"stat.useItem.excompressum.auto_sieve":7,"stat.craftItem.exnihiloadscensio.hammerStone":23,"stat.mineBlock.exnihiloadscensio.blockInfestedLeaves":312,"stat.pickup.minecraft.gravel":12046,"stat.craftItem.refinedstorage.storage_part":5,"stat.useItem.extrautils2.compressedcobblestone":1303,"stat.pickup.exnihiloadscensio.itemSeedSpruce":3,"stat.mineBlock.minecraft.anvil":1,"stat.useItem.minecraft.apple":86,"stat.pickup.tconstruct.tool_rod":1,"stat.useItem.minecraft.porkchop":1,"stat.pickup.extrautils2.user":3,"stat.pickup.tconstruct.hatchet":4,"stat.pickup.minecraft.fence":38,"stat.useItem.minecraft.wooden_hoe":18,"stat.craftItem.enderio.itemPowerConduit":32,"stat.craftItem.tconstruct.rack":8,"stat.pickup.excompressum.auto_heavy_sieve":1,"stat.mineBlock.refinedstorage.disk_drive":2,"stat.useItem.tconstruct.tooltables":6,"stat.drop.refinedstorage.wireless_grid":1,"stat.useItem.actuallyadditions.itemRiceSeed":12,"stat.craftItem.minecraft.bread":31,"stat.pickup.exnihiloadscensio.itemOreAluminium":185,"stat.pickup.minecraft.spider_eye":1,"stat.useItem.minecraft.cooked_chicken":4,"stat.useItem.chickens.henhouse":4,"stat.craftItem.excompressum.auto_hammer":3,"stat.craftItem.minecraft.flint_and_steel":1,"stat.useItem.minecraft.redstone_lamp":12,"stat.mineBlock.tconstruct.tooltables":1,"stat.pickup.minecraft.leaves":3413,"stat.pickup.exnihiloadscensio.hammerStone":2,"stat.mineBlock.minecraft.stone_stairs":19,"stat.craftItem.minecraft.iron_bars":16,"stat.pickup.minecraft.leather":11,"stat.craftItem.exnihiloadscensio.crookWood":56,"stat.mineBlock.minecraft.furnace":13,"stat.mineBlock.minecraft.mycelium":1,"stat.pickup.minecraft.prismarine_shard":2,"stat.mineBlock.extrautils2.user":3,"stat.craftItem.storagedrawers.basicDrawers":19,"stat.pickup.minecraft.reeds":105,"stat.pickup.exnihiloadscensio.itemOreIron":1959,"achievement.ironbackpacks.basicBackpackCrafted":1,"stat.pickup.tconstruct.materials":58,"stat.useItem.minecraft.magma":1,"stat.pickup.minecraft.oak_stairs":15,"stat.craftItem.extrautils2.user":1,"stat.damageDealt":24852,"stat.craftItem.minecraft.glass":124,"stat.pickup.exnihiloadscensio.itemSeedCarrot":1,"stat.craftItem.minecraft.cauldron":1,"stat.pickup.extrautils2.wateringcan":2,"stat.craftItem.minecraft.bowl":4,"stat.craftItem.minecraft.anvil":1,"stat.pickup.harvestcraft.whitemushroomseedItem":2,"stat.killEntity.Cow":10,"stat.useItem.minecraft.crafting_table":2,"stat.pickup.harvestcraft.saltItem":1,"stat.mineBlock.excompressum.heavy_sieve":1,"stat.killEntity.Pig":1,"stat.craftItem.minecraft.iron_sword":3,"stat.craftItem.immersiveengineering.storage":2,"stat.craftItem.enderio.itemBasicCapacitor":6,"stat.walkOneCm":4769141,"stat.pickup.ceramics.clay_bucket":2,"stat.pickup.minecraft.stick":19,"stat.pickup.minecraft.clay_ball":343,"stat.pickup.immersiveengineering.storage":4,"stat.craftItem.elevatorid.elevator_white":4,"ftbl.stat.last_seen":{"value":0,"progress":1534877273592},"stat.pickup.mysticalagriculture.inferium_essence":178,"stat.mineBlock.hatchery.pen":11,"stat.pickup.refinedstorage.disk_drive":2,"stat.useItem.exnihiloadscensio.blockSieve":5,"stat.pickup.minecraft.stone":8,"stat.craftItem.minecraft.hay_block":76,"stat.useItem.minecraft.leaves":5,"stat.pickup.minecraft.gold_ingot":1,"stat.killEntity.Skeleton":17,"stat.craftItem.harvestcraft.applejuiceItem":63,"stat.mineBlock.rftools.coalgenerator":2,"stat.killEntity.Chicken":1,"stat.killEntity.Spider":4,"stat.craftItem.exnihiloadscensio.hammerDiamond":27,"stat.pickup.exnihiloadscensio.blockDust":200,"stat.craftItem.simplegenerators.lava_generator":8,"stat.pickup.enderio.blockCapBank":1,"stat.pickup.storagedrawers.basicDrawers":4,"stat.pickup.minecraft.quartz":32,"stat.craftItem.minecraft.fence":72,"stat.pickup.enderio.blockStirlingGenerator":1,"stat.pickup.minecraft.water_bucket":1,"stat.mineBlock.mob_grinding_utils.fan":11,"stat.mineBlock.minecraft.leaves":14649,"stat.useItem.tconstruct.punji":16,"stat.mineBlock.tconstruct.casting":31,"stat.useItem.enderio.blockAlloySmelter":10,"stat.mineBlock.minecraft.hay_block":5,"stat.useItem.tconstruct.smeltery_controller":1,"stat.useItem.tconstruct.hatchet":2051,"stat.useItem.excompressum.auto_compressed_hammer":3,"stat.useItem.darkutils.trap_move":23}